Ingredient,Function,Comedogenic Rating,Irritancy,Good For,Bad For,Description
Isopropyl Lactate,Preservative,1,1,Sensitive,Oily,A standard cosmetic preservative used in skincare formulations.
Triticum Vulgare Oil,Emollient,4,0,Sensitive,None,Natural plant-derived emollient from Triticum Vulgare.
Polysorbate 60 Phosphate,Chelating,2,0,Oily,Acne,A standard cosmetic chelating used in skincare formulations.
Sorbitan Hydroxide,Astringent,2,1,All,Dry,A standard cosmetic astringent used in skincare formulations.
Hydrogenated Salicylate,Soothing,2,0,Oily,Sensitive,A standard cosmetic soothing used in skincare formulations.
Aluminum Wheat Protein,Solvent,0,1,Aging,Dry,A standard cosmetic solvent used in skincare formulations.
Persea Gratissima Juice,Soothing,0,0,Sensitive;Aging;Dry,None,Natural plant-derived soothing from Persea Gratissima.
Hydrolyzed Ceramide NP,Exfoliant,1,1,Oily,Dry,A standard cosmetic exfoliant used in skincare formulations.
Potassium Oleate,Solvent,1,1,Sensitive,Acne,A standard cosmetic solvent used in skincare formulations.
Copper Myristate,Astringent,2,1,Sensitive,Oily,A standard cosmetic astringent used in skincare formulations.
Methyl Silk,Soothing,1,0,Aging,Dry,A standard cosmetic soothing used in skincare formulations.
Polysorbate 80 Sorbate,Soothing,1,1,Oily,Dry,A standard cosmetic soothing used in skincare formulations.
Titanium Myristate,Chelating,0,0,Dry,Acne,A standard cosmetic chelating used in skincare formulations.
Polysorbate 20 Elastin,Preservative,1,5,Acne,Sensitive,A standard cosmetic preservative used in skincare formulations.
Citrus Aurantium Dulcis Wax,Humectant,0,0,Dry,None,Natural plant-derived humectant from Citrus Aurantium Dulcis.
Cocamidopropyl Stearate,Viscosity Controller,1,0,Aging,Oily,A standard cosmetic viscosity controller used in skincare formulations.
Olea Europaea Essential Oil,Soothing,4,1,Sensitive;Aging;Dry,Sensitive,Natural plant-derived soothing from Olea Europaea.
Behenyl Linoleate,Buffering,2,1,Oily,None,A standard cosmetic buffering used in skincare formulations.
Stearyl Silk,Soothing,0,0,All,Oily,A standard cosmetic soothing used in skincare formulations.
Polysorbate 80 Hydroxide,Astringent,2,1,Oily,None,A standard cosmetic astringent used in skincare formulations.
Butyl Carbonate,Antioxidant,0,0,Oily,Sensitive,A standard cosmetic antioxidant used in skincare formulations.
Lauroyl Dioxide,Buffering,0,1,Dry,Oily,A standard cosmetic buffering used in skincare formulations.
Chamomilla Recutita Extract,Soothing,0,0,Sensitive;Aging;Dry,None,Natural plant-derived soothing from Chamomilla Recutita.
PPG-15 Keratin,Surfactant,1,2,Dry,Acne,A standard cosmetic surfactant used in skincare formulations.
Hydrogenated Panthenol,Astringent,2,0,Acne,Dry,A standard cosmetic astringent used in skincare formulations.
Polysorbate 80 Soy Protein,Soothing,0,1,Oily,Oily,A standard cosmetic soothing used in skincare formulations.
Aluminum Lactate,Preservative,0,4,Oily,None,A standard cosmetic preservative used in skincare formulations.
Magnesium Copolymer,Solvent,1,1,Acne,Acne,A standard cosmetic solvent used in skincare formulations.
Propyl Retinol,Thickener,4,1,Sensitive,Sensitive,A standard cosmetic thickener used in skincare formulations.
Melaleuca Alternifolia Flower Extract,Soothing,0,0,Sensitive;Aging;Dry,None,Natural plant-derived soothing from Melaleuca Alternifolia.
Isobutyl Oat Protein,Thickener,3,1,All,None,A standard cosmetic thickener used in skincare formulations.
Polysorbate 60 Copolymer,Exfoliant,1,4,Oily,Oily,A standard cosmetic exfoliant used in skincare formulations.
Polysorbate 80 Gluconate,Soothing,0,1,Oily,Oily,A standard cosmetic soothing used in skincare formulations.
Polysorbate 80 Retinol,Buffering,1,0,All,Oily,A standard cosmetic buffering used in skincare formulations.
Iron Chloride,Chelating,1,1,Dry,Sensitive,A standard cosmetic chelating used in skincare formulations.
Methyl Retinol,Humectant,0,1,Sensitive,Dry,A standard cosmetic humectant used in skincare formulations.
Titanium Elastin,Surfactant,2,0,Acne,Dry,A standard cosmetic surfactant used in skincare formulations.
Prunus Amygdalus Dulcis Fruit Extract,Antioxidant,0,0,Dry,None,Natural plant-derived antioxidant from Prunus Amygdalus Dulcis.
Iron Lactate,Chelating,2,1,All,Dry,A standard cosmetic chelating used in skincare formulations.
Ginkgo Biloba Callus Culture Extract,Soothing,0,0,Sensitive;Aging;Dry,None,Natural plant-derived soothing from Ginkgo Biloba.
PPG-10 Peptide,Emollient,5,1,Acne,Dry,A standard cosmetic emollient used in skincare formulations.
Cetyl Sorbate,Viscosity Controller,2,0,All,Oily,A standard cosmetic viscosity controller used in skincare formulations.
Rosa Damascena Oil,Humectant,2,0,All,None,Natural plant-derived humectant from Rosa Damascena.
Titanium Salicylate,Exfoliant,1,4,Aging,Sensitive,A standard cosmetic exfoliant used in skincare formulations.
Cetearyl Carbonate,Preservative,0,4,Acne,None,A standard cosmetic preservative used in skincare formulations.
Myristyl Chloride,Emollient,5,0,Aging,None,A standard cosmetic emollient used in skincare formulations.
Potassium Laurate,Viscosity Controller,1,1,All,Acne,A standard cosmetic viscosity controller used in skincare formulations.
Isobutyl Sulfate,Soothing,0,0,Acne,Dry,A standard cosmetic soothing used in skincare formulations.
Vitis Vinifera Bark Extract,Soothing,0,0,Sensitive;Aging;Dry,None,Natural plant-derived soothing from Vitis Vinifera.
Potassium Carbonate,Solvent,1,1,Dry,Sensitive,A standard cosmetic solvent used in skincare formulations.
Cetearyl Peptide,Emollient,3,0,Oily,None,A standard cosmetic emollient used in skincare formulations.
Polyglyceryl-3 Phosphate,Antioxidant,2,1,Sensitive,None,A standard cosmetic antioxidant used in skincare formulations.
Sorbitan Laurate,Surfactant,0,5,Acne,Acne,A standard cosmetic surfactant used in skincare formulations.
Magnesium Palmitate,Humectant,1,1,Oily,Oily,A standard cosmetic humectant used in skincare formulations.
PEG-40 Collagen,Astringent,0,0,Sensitive,Oily,A standard cosmetic astringent used in skincare formulations.
Magnesium Keratin,Exfoliant,0,3,Aging,Sensitive,A standard cosmetic exfoliant used in skincare formulations.
Polysorbate 60 Tocopherol,Exfoliant,2,0,Oily,Sensitive,A standard cosmetic exfoliant used in skincare formulations.
Calendula Officinalis Juice,Emollient,0,0,Acne,None,Natural plant-derived emollient from Calendula Officinalis.
Stearyl Oleate,Buffering,2,1,Dry,None,A standard cosmetic buffering used in skincare formulations.
Cetearyl Sulfate,Thickener,4,0,Oily,Acne,A standard cosmetic thickener used in skincare formulations.
Lavandula Angustifolia Callus Culture Extract,Emollient,0,0,Aging,None,Natural plant-derived emollient from Lavandula Angustifolia.
PEG-40 Oleate,Soothing,2,0,All,Sensitive,A standard cosmetic soothing used in skincare formulations.
PPG-10 Tocopherol,Surfactant,0,1,Aging,Dry,A standard cosmetic surfactant used in skincare formulations.
Chamomilla Recutita Leaf Extract,Soothing,0,0,Sensitive;Aging;Dry,None,Natural plant-derived soothing from Chamomilla Recutita.
Mentha Piperita Juice,Antioxidant,0,0,Aging,None,Natural plant-derived antioxidant from Mentha Piperita.
Methyl Lactate,Viscosity Controller,0,1,All,None,A standard cosmetic viscosity controller used in skincare formulations.
Propyl Crosspolymer,Solvent,2,0,All,Acne,A standard cosmetic solvent used in skincare formulations.
Sorbitan Oxide,Humectant,1,0,Dry,Acne,A standard cosmetic humectant used in skincare formulations.
Lavandula Angustifolia Essential Oil,Soothing,3,2,Sensitive;Aging;Dry,Sensitive,Natural plant-derived soothing from Lavandula Angustifolia.
Polyglyceryl-3 Crosspolymer,Humectant,1,0,All,Dry,A standard cosmetic humectant used in skincare formulations.
Hydrolyzed Gluconate,Surfactant,1,3,Dry,Dry,A standard cosmetic surfactant used in skincare formulations.
Stearyl Hydroxide,Chelating,2,1,Aging,Acne,A standard cosmetic chelating used in skincare formulations.
Eucalyptus Globulus Bark Extract,Emollient,0,0,All,None,Natural plant-derived emollient from Eucalyptus Globulus.
Rubus Idaeus Fruit Extract,Emollient,0,0,Oily,None,Natural plant-derived emollient from Rubus Idaeus.
Chamomilla Recutita Ferment Filtrate,Humectant,0,0,Dry,None,Natural plant-derived humectant from Chamomilla Recutita.
Sorbitan Palmitate,Solvent,0,0,Acne,Acne,A standard cosmetic solvent used in skincare formulations.
PEG-8 Sulfate,Emollient,5,0,Sensitive,Oily,A standard cosmetic emollient used in skincare formulations.
Isobutyl Benzoate,Thickener,0,0,Sensitive,Dry,A standard cosmetic thickener used in skincare formulations.
Magnesium Phosphate,Humectant,2,1,All,None,A standard cosmetic humectant used in skincare formulations.
Aloe Barbadensis Wax,Antioxidant,0,0,Aging,None,Natural plant-derived antioxidant from Aloe Barbadensis.
Stearyl Ceramide AP,Viscosity Controller,0,0,All,Dry,A standard cosmetic viscosity controller used in skincare formulations.
Titanium Copolymer,Viscosity Controller,2,1,Aging,Dry,A standard cosmetic viscosity controller used in skincare formulations.
Lauroyl Myristate,Solvent,0,1,Sensitive,Dry,A standard cosmetic solvent used in skincare formulations.
Lauroyl Hyaluronate,Buffering,0,1,Sensitive,None,A standard cosmetic buffering used in skincare formulations.
PPG-10 Silk,Soothing,2,1,Aging,Sensitive,A standard cosmetic soothing used in skincare formulations.
Glyceryl Panthenol,Buffering,0,1,Dry,Sensitive,A standard cosmetic buffering used in skincare formulations.
PPG-10 Oat Protein,Soothing,1,0,Oily,Acne,A standard cosmetic soothing used in skincare formulations.
Polysorbate 20 Linoleate,Chelating,1,0,Acne,Acne,A standard cosmetic chelating used in skincare formulations.
Sodium Silk,Astringent,2,1,Sensitive,Oily,A standard cosmetic astringent used in skincare formulations.
Zea Mays Bark Extract,Humectant,0,0,All,None,Natural plant-derived humectant from Zea Mays.
Behenyl Collagen,Soothing,1,1,Aging,Acne,A standard cosmetic soothing used in skincare formulations.
Polysorbate 20 Keratin,Emulsifier,0,1,Aging,None,A standard cosmetic emulsifier used in skincare formulations.
Cocamidopropyl Salicylate,Solvent,2,0,Sensitive,Acne,A standard cosmetic solvent used in skincare formulations.
Panax Ginseng Lysate,Antioxidant,0,0,All,None,Natural plant-derived antioxidant from Panax Ginseng.
PEG-40 Retinol,Solvent,0,1,Aging,Sensitive,A standard cosmetic solvent used in skincare formulations.
Behenyl Hydroxide,Surfactant,0,1,Sensitive,Acne,A standard cosmetic surfactant used in skincare formulations.
Sorbitan Oleate,Exfoliant,2,0,Sensitive,Oily,A standard cosmetic exfoliant used in skincare formulations.
Glyceryl Acetate,Exfoliant,0,2,Dry,None,A standard cosmetic exfoliant used in skincare formulations.
Zinc Oat Protein,Buffering,1,1,Aging,Oily,A standard cosmetic buffering used in skincare formulations.
PPG-10 Stearate,Surfactant,1,0,Acne,Oily,A standard cosmetic surfactant used in skincare formulations.
Potassium Silk,Preservative,2,3,Aging,None,A standard cosmetic preservative used in skincare formulations.
Myristyl Myristate,Viscosity Controller,1,0,Dry,Oily,A standard cosmetic viscosity controller used in skincare formulations.
Lauroyl Stearate,Preservative,2,5,Acne,None,A standard cosmetic preservative used in skincare formulations.
Myristyl Acetate,Exfoliant,1,5,Acne,Oily,A standard cosmetic exfoliant used in skincare formulations.
PEG-100 Collagen,Buffering,0,0,Dry,None,A standard cosmetic buffering used in skincare formulations.
Polyglyceryl-3 Niacinamide,Emollient,1,1,Oily,None,A standard cosmetic emollient used in skincare formulations.
Acetylated Myristate,Buffering,0,0,Oily,Oily,A standard cosmetic buffering used in skincare formulations.
Avena Sativa Bark Extract,Humectant,0,0,Acne,None,Natural plant-derived humectant from Avena Sativa.
PEG-8 Panthenol,Buffering,1,0,Aging,Dry,A standard cosmetic buffering used in skincare formulations.
Sodium Palmitate,Surfactant,2,0,Oily,Acne,A standard cosmetic surfactant used in skincare formulations.
Titanium Carbonate,Buffering,0,0,Oily,Oily,A standard cosmetic buffering used in skincare formulations.
Glycyrrhiza Glabra Root Extract,Antioxidant,0,0,Oily,None,Natural plant-derived antioxidant from Glycyrrhiza Glabra.
Simmondsia Chinensis Root Extract,Humectant,0,0,Aging,None,Natural plant-derived humectant from Simmondsia Chinensis.
Polyglyceryl-3 Tocopherol,Thickener,1,0,Sensitive,None,A standard cosmetic thickener used in skincare formulations.
Magnesium Citrate,Soothing,2,0,Aging,Dry,A standard cosmetic soothing used in skincare formulations.
Cetearyl Copolymer,Humectant,2,0,Dry,Sensitive,A standard cosmetic humectant used in skincare formulations.
PEG-20 Niacinamide,Astringent,0,0,All,None,A standard cosmetic astringent used in skincare formulations.
Mentha Piperita Seed Extract,Emollient,0,0,Dry,None,Natural plant-derived emollient from Mentha Piperita.
PPG-15 Phosphate,Emulsifier,1,1,All,Dry,A standard cosmetic emulsifier used in skincare formulations.
Ginkgo Biloba Fruit Extract,Antioxidant,0,0,Sensitive,None,Natural plant-derived antioxidant from Ginkgo Biloba.
Stearyl Soy Protein,Astringent,0,0,Oily,Dry,A standard cosmetic astringent used in skincare formulations.
Cocos Nucifera Callus Culture Extract,Humectant,0,0,All,None,Natural plant-derived humectant from Cocos Nucifera.
Caprylic Benzoate,Thickener,3,1,Acne,Dry,A standard cosmetic thickener used in skincare formulations.
Capric Peptide,Solvent,0,1,Oily,None,A standard cosmetic solvent used in skincare formulations.
Vitis Vinifera Essential Oil,Antioxidant,4,1,Sensitive,Sensitive,Natural plant-derived antioxidant from Vitis Vinifera.
Polysorbate 60 Salicylate,Exfoliant,1,3,Sensitive,Acne,A standard cosmetic exfoliant used in skincare formulations.
PPG-10 Carbonate,Astringent,2,1,All,None,A standard cosmetic astringent used in skincare formulations.
Palmitoyl Palmitate,Antioxidant,2,0,Sensitive,Sensitive,A standard cosmetic antioxidant used in skincare formulations.
Polysorbate 20 Silk,Preservative,2,1,Aging,Sensitive,A standard cosmetic preservative used in skincare formulations.
PEG-100 Sulfate,Soothing,2,1,Aging,Oily,A standard cosmetic soothing used in skincare formulations.
Myristoyl Sorbate,Buffering,1,1,Sensitive,Acne,A standard cosmetic buffering used in skincare formulations.
Olea Europaea Oil,Soothing,1,0,Sensitive;Aging;Dry,None,Natural plant-derived soothing from Olea Europaea.
Zinc Soy Protein,Viscosity Controller,1,0,Aging,Dry,A standard cosmetic viscosity controller used in skincare formulations.
Palmitoyl Sulfate,Viscosity Controller,0,0,Oily,Oily,A standard cosmetic viscosity controller used in skincare formulations.
Vitis Vinifera Ferment Filtrate,Emollient,0,0,All,None,Natural plant-derived emollient from Vitis Vinifera.
Myristoyl Panthenol,Exfoliant,2,1,Oily,None,A standard cosmetic exfoliant used in skincare formulations.
Sodium Carbonate,Emulsifier,1,1,Oily,Oily,A standard cosmetic emulsifier used in skincare formulations.
Lauroyl Sorbate,Surfactant,0,3,Aging,Acne,A standard cosmetic surfactant used in skincare formulations.
Panax Ginseng Oil,Antioxidant,3,0,All,None,Natural plant-derived antioxidant from Panax Ginseng.
Aluminum Ceramide AP,Emulsifier,1,0,Acne,Oily,A standard cosmetic emulsifier used in skincare formulations.
Iron Ceramide AP,Buffering,0,1,Dry,Sensitive,A standard cosmetic buffering used in skincare formulations.
Cetearyl Benzoate,Solvent,1,0,Oily,None,A standard cosmetic solvent used in skincare formulations.
Magnesium Sulfate,Thickener,2,1,Aging,None,A standard cosmetic thickener used in skincare formulations.
Lauroyl Ceramide NP,Soothing,0,0,Sensitive,Dry,A standard cosmetic soothing used in skincare formulations.
Aluminum Chloride,Surfactant,1,3,Acne,Oily,A standard cosmetic surfactant used in skincare formulations.
Rosa Damascena Juice,Soothing,0,0,Sensitive;Aging;Dry,None,Natural plant-derived soothing from Rosa Damascena.
PPG-15 Ceramide NP,Chelating,1,1,Acne,Dry,A standard cosmetic chelating used in skincare formulations.
Lauryl Peptide,Exfoliant,0,0,Dry,Dry,A standard cosmetic exfoliant used in skincare formulations.
Citrus Limon Lysate,Humectant,0,0,All,None,Natural plant-derived humectant from Citrus Limon.
Butyl Retinol,Humectant,1,0,Aging,Sensitive,A standard cosmetic humectant used in skincare formulations.
Copper Ceramide NP,Viscosity Controller,0,0,Aging,Acne,A standard cosmetic viscosity controller used in skincare formulations.
Sodium Copolymer,Astringent,2,0,Oily,Sensitive,A standard cosmetic astringent used in skincare formulations.
Melaleuca Alternifolia Bark Extract,Humectant,0,0,Acne,None,Natural plant-derived humectant from Melaleuca Alternifolia.
Acetylated Crosspolymer,Soothing,2,1,Dry,Sensitive,A standard cosmetic soothing used in skincare formulations.
Hydrogenated Ceramide AP,Astringent,0,1,All,None,A standard cosmetic astringent used in skincare formulations.
PEG-100 Acetate,Emollient,3,1,Oily,Acne,A standard cosmetic emollient used in skincare formulations.
PEG-8 Soy Protein,Emulsifier,0,0,Acne,Dry,A standard cosmetic emulsifier used in skincare formulations.
Sodium Citrate,Astringent,0,0,Oily,Oily,A standard cosmetic astringent used in skincare formulations.
PPG-15 Hydroxide,Emulsifier,2,0,All,Dry,A standard cosmetic emulsifier used in skincare formulations.
Aluminum Ceramide NP,Astringent,1,1,Dry,Oily,A standard cosmetic astringent used in skincare formulations.
Hydrogenated Laurate,Viscosity Controller,1,1,Acne,Oily,A standard cosmetic viscosity controller used in skincare formulations.
Behenyl Dioxide,Humectant,2,1,Dry,Oily,A standard cosmetic humectant used in skincare formulations.
Magnesium Lactate,Surfactant,1,3,Dry,Dry,A standard cosmetic surfactant used in skincare formulations.
Eucalyptus Globulus Lysate,Antioxidant,0,0,Sensitive,None,Natural plant-derived antioxidant from Eucalyptus Globulus.
Camellia Sinensis Flower Extract,Emollient,0,0,Dry,None,Natural plant-derived emollient from Camellia Sinensis.
Glyceryl Sorbate,Buffering,2,1,Dry,Acne,A standard cosmetic buffering used in skincare formulations.
Potassium Retinol,Soothing,1,1,Sensitive,Dry,A standard cosmetic soothing used in skincare formulations.
Panax Ginseng Seed Extract,Antioxidant,0,0,Acne,None,Natural plant-derived antioxidant from Panax Ginseng.
Hydrolyzed Soy Protein,Emollient,5,0,Sensitive,Dry,A standard cosmetic emollient used in skincare formulations.
Argania Spinosa Lysate,Soothing,0,0,Sensitive;Aging;Dry,None,Natural plant-derived soothing from Argania Spinosa.
Ethyl Niacinamide,Preservative,0,3,Dry,None,A standard cosmetic preservative used in skincare formulations.
Isobutyl Hydroxide,Astringent,2,1,Aging,Acne,A standard cosmetic astringent used in skincare formulations.
Caprylic Oxide,Antioxidant,2,0,Dry,Dry,A standard cosmetic antioxidant used in skincare formulations.
Myristoyl Laurate,Emulsifier,0,0,Aging,Sensitive,A standard cosmetic emulsifier used in skincare formulations.
Lauryl Oleate,Emollient,2,0,Sensitive,Oily,A standard cosmetic emollient used in skincare formulations.
Camellia Sinensis Oil,Humectant,2,0,Aging,None,Natural plant-derived humectant from Camellia Sinensis.
Capric Gluconate,Antioxidant,0,0,All,Acne,A standard cosmetic antioxidant used in skincare formulations.
PEG-100 Sorbate,Emollient,1,1,Dry,None,A standard cosmetic emollient used in skincare formulations.
Capric Acetate,Antioxidant,2,1,All,Dry,A standard cosmetic antioxidant used in skincare formulations.
Polysorbate 80 Oat Protein,Preservative,2,2,Oily,Sensitive,A standard cosmetic preservative used in skincare formulations.
Polysorbate 20 Myristate,Astringent,2,0,Aging,Oily,A standard cosmetic astringent used in skincare formulations.
Polysorbate 20 Tocopherol,Thickener,4,1,Aging,Sensitive,A standard cosmetic thickener used in skincare formulations.
Helianthus Annuus Oil,Emollient,1,0,All,None,Natural plant-derived emollient from Helianthus Annuus.
Polyglyceryl-3 Collagen,Antioxidant,2,1,Sensitive,Sensitive,A standard cosmetic antioxidant used in skincare formulations.
Lauroyl Panthenol,Chelating,0,1,Dry,Dry,A standard cosmetic chelating used in skincare formulations.
Methyl Oleate,Emollient,5,1,Dry,Acne,A standard cosmetic emollient used in skincare formulations.
Mentha Piperita Lysate,Emollient,0,0,Dry,None,Natural plant-derived emollient from Mentha Piperita.
Cetyl Chloride,Emulsifier,0,0,Dry,Dry,A standard cosmetic emulsifier used in skincare formulations.
Polysorbate 60 Ceramide EOP,Soothing,1,1,Sensitive,Acne,A standard cosmetic soothing used in skincare formulations.
Cocoyl Crosspolymer,Antioxidant,2,0,Oily,Acne,A standard cosmetic antioxidant used in skincare formulations.
Rosmarinus Officinalis Wax,Emollient,0,0,Oily,None,Natural plant-derived emollient from Rosmarinus Officinalis.
Behenyl Keratin,Solvent,1,0,All,Acne,A standard cosmetic solvent used in skincare formulations.
Caprylic Dioxide,Astringent,2,0,Acne,Oily,A standard cosmetic astringent used in skincare formulations.
PPG-10 Chloride,Emulsifier,2,0,Sensitive,Sensitive,A standard cosmetic emulsifier used in skincare formulations.
Magnesium Peptide,Exfoliant,0,4,Sensitive,None,A standard cosmetic exfoliant used in skincare formulations.
Oryza Sativa Bark Extract,Soothing,0,0,Sensitive;Aging;Dry,None,Natural plant-derived soothing from Oryza Sativa.
Helianthus Annuus Leaf Extract,Emollient,0,0,Aging,None,Natural plant-derived emollient from Helianthus Annuus.
PEG-20 Hyaluronate,Astringent,0,1,Sensitive,None,A standard cosmetic astringent used in skincare formulations.
Isopropyl Ceramide NP,Chelating,2,1,All,None,A standard cosmetic chelating used in skincare formulations.
Copper Tocopherol,Antioxidant,0,0,Aging,None,A standard cosmetic antioxidant used in skincare formulations.
Myristoyl Silk,Preservative,1,4,Acne,None,A standard cosmetic preservative used in skincare formulations.
Cocoyl Hyaluronate,Astringent,1,1,Oily,Dry,A standard cosmetic astringent used in skincare formulations.
Cocoyl Sorbate,Viscosity Controller,2,0,Acne,Oily,A standard cosmetic viscosity controller used in skincare formulations.
Acetylated Keratin,Exfoliant,1,1,Acne,Acne,A standard cosmetic exfoliant used in skincare formulations.
Propyl Palmitate,Surfactant,1,5,Aging,Oily,A standard cosmetic surfactant used in skincare formulations.
Caprylic Salicylate,Emollient,2,1,All,Acne,A standard cosmetic emollient used in skincare formulations.
Myristoyl Niacinamide,Astringent,2,0,Aging,Sensitive,A standard cosmetic astringent used in skincare formulations.
Cetyl Collagen,Buffering,1,0,Oily,Sensitive,A standard cosmetic buffering used in skincare formulations.
Avena Sativa Fruit Extract,Emollient,0,0,All,None,Natural plant-derived emollient from Avena Sativa.
PPG-15 Ascorbate,Emulsifier,0,0,Acne,Acne,A standard cosmetic emulsifier used in skincare formulations.
Polysorbate 20 Chloride,Soothing,0,0,Dry,Dry,A standard cosmetic soothing used in skincare formulations.
Lauryl Dioxide,Thickener,3,1,All,Sensitive,A standard cosmetic thickener used in skincare formulations.
Argania Spinosa Extract,Soothing,0,0,Sensitive;Aging;Dry,None,Natural plant-derived soothing from Argania Spinosa.
Cetyl Elastin,Antioxidant,1,1,Aging,Oily,A standard cosmetic antioxidant used in skincare formulations.
Isopropyl Phosphate,Buffering,0,1,All,Dry,A standard cosmetic buffering used in skincare formulations.
Hydrolyzed Collagen,Soothing,2,1,Aging,Acne,A standard cosmetic soothing used in skincare formulations.
Polysorbate 60 Linoleate,Preservative,2,2,Dry,Dry,A standard cosmetic preservative used in skincare formulations.
Lauroyl Ascorbate,Emulsifier,0,0,All,Dry,A standard cosmetic emulsifier used in skincare formulations.
Macadamia Ternifolia Bark Extract,Soothing,0,0,Sensitive;Aging;Dry,None,Natural plant-derived soothing from Macadamia Ternifolia.
PEG-8 Ceramide NP,Antioxidant,2,0,Oily,Oily,A standard cosmetic antioxidant used in skincare formulations.
Myristoyl Soy Protein,Astringent,1,0,Aging,Acne,A standard cosmetic astringent used in skincare formulations.
Hydrolyzed Peptide,Buffering,0,0,Dry,Sensitive,A standard cosmetic buffering used in skincare formulations.
Polysorbate 80 Copolymer,Surfactant,0,0,Oily,Oily,A standard cosmetic surfactant used in skincare formulations.
Isopropyl Acetate,Exfoliant,2,0,Oily,None,A standard cosmetic exfoliant used in skincare formulations.
Calcium Lactate,Solvent,0,0,All,Sensitive,A standard cosmetic solvent used in skincare formulations.
Butyl Sulfate,Humectant,0,1,Oily,Sensitive,A standard cosmetic humectant used in skincare formulations.
PEG-8 Ceramide EOP,Surfactant,0,4,Dry,Dry,A standard cosmetic surfactant used in skincare formulations.
PEG-100 Carbonate,Humectant,0,0,All,Dry,A standard cosmetic humectant used in skincare formulations.
Cocoyl Elastin,Emollient,4,0,Aging,None,A standard cosmetic emollient used in skincare formulations.
Olea Europaea Lysate,Antioxidant,0,0,All,None,Natural plant-derived antioxidant from Olea Europaea.
Hydrogenated Dioxide,Chelating,0,1,Sensitive,None,A standard cosmetic chelating used in skincare formulations.
Polysorbate 80 Niacinamide,Surfactant,1,1,Oily,Oily,A standard cosmetic surfactant used in skincare formulations.
Rubus Idaeus Butter,Soothing,2,0,Sensitive;Aging;Dry,None,Natural plant-derived soothing from Rubus Idaeus.
Sorbitan Wheat Protein,Solvent,2,1,Dry,Acne,A standard cosmetic solvent used in skincare formulations.
Magnesium Elastin,Soothing,1,1,Sensitive,Oily,A standard cosmetic soothing used in skincare formulations.
Titanium Crosspolymer,Chelating,0,0,All,Acne,A standard cosmetic chelating used in skincare formulations.
Citrus Limon Water,Soothing,0,0,Sensitive;Aging;Dry,None,Natural plant-derived soothing from Citrus Limon.
Hydrogenated Collagen,Solvent,0,0,Oily,Sensitive,A standard cosmetic solvent used in skincare formulations.
PPG-15 Peptide,Preservative,0,5,Dry,Oily,A standard cosmetic preservative used in skincare formulations.
Cetyl Citrate,Emulsifier,2,0,Oily,Acne,A standard cosmetic emulsifier used in skincare formulations.
Punica Granatum Seed Extract,Antioxidant,0,0,Oily,None,Natural plant-derived antioxidant from Punica Granatum.
Mentha Piperita Ferment Filtrate,Emollient,0,0,Dry,None,Natural plant-derived emollient from Mentha Piperita.
Calcium Wheat Protein,Preservative,0,1,Sensitive,None,A standard cosmetic preservative used in skincare formulations.
Ginkgo Biloba Flower Extract,Emollient,0,0,Sensitive,None,Natural plant-derived emollient from Ginkgo Biloba.
Methyl Niacinamide,Emollient,1,0,Acne,Oily,A standard cosmetic emollient used in skincare formulations.
Aluminum Sorbate,Soothing,1,0,Dry,Dry,A standard cosmetic soothing used in skincare formulations.
Butyl Tocopherol,Buffering,2,0,Dry,Acne,A standard cosmetic buffering used in skincare formulations.
Cocoyl Ceramide EOP,Astringent,2,1,All,Dry,A standard cosmetic astringent used in skincare formulations.
Propyl Copolymer,Thickener,4,1,Acne,Oily,A standard cosmetic thickener used in skincare formulations.
Calendula Officinalis Root Extract,Antioxidant,0,0,Sensitive,None,Natural plant-derived antioxidant from Calendula Officinalis.
Sodium Benzoate,Exfoliant,0,2,Dry,Acne,A standard cosmetic exfoliant used in skincare formulations.
Lauroyl Lactate,Viscosity Controller,0,1,Dry,Acne,A standard cosmetic viscosity controller used in skincare formulations.
Eucalyptus Globulus Juice,Emollient,0,0,Aging,None,Natural plant-derived emollient from Eucalyptus Globulus.
Polysorbate 60 Carbonate,Thickener,4,0,Sensitive,Acne,A standard cosmetic thickener used in skincare formulations.
Polysorbate 20 Oxide,Buffering,2,1,All,Oily,A standard cosmetic buffering used in skincare formulations.
Butyrospermum Parkii Fruit Extract,Humectant,0,0,Dry,None,Natural plant-derived humectant from Butyrospermum Parkii.
Palmitoyl Citrate,Humectant,2,1,Dry,Acne,A standard cosmetic humectant used in skincare formulations.
Iron Crosspolymer,Astringent,0,1,Dry,Oily,A standard cosmetic astringent used in skincare formulations.
Lauryl Linoleate,Exfoliant,1,3,Dry,Sensitive,A standard cosmetic exfoliant used in skincare formulations.
Ethyl Wheat Protein,Thickener,0,1,Acne,Dry,A standard cosmetic thickener used in skincare formulations.
Lauroyl Retinol,Soothing,1,1,Acne,Oily,A standard cosmetic soothing used in skincare formulations.
Lauroyl Hydroxide,Viscosity Controller,1,0,Aging,Oily,A standard cosmetic viscosity controller used in skincare formulations.
Ethyl Acetate,Chelating,0,1,All,Dry,A standard cosmetic chelating used in skincare formulations.
Magnesium Crosspolymer,Surfactant,1,4,Aging,None,A standard cosmetic surfactant used in skincare formulations.
Camellia Sinensis Essential Oil,Soothing,2,1,Sensitive;Aging;Dry,Sensitive,Natural plant-derived soothing from Camellia Sinensis.
Acetylated Wheat Protein,Astringent,0,1,All,Oily,A standard cosmetic astringent used in skincare formulations.
PEG-100 Silk,Surfactant,0,3,All,Dry,A standard cosmetic surfactant used in skincare formulations.
Citrus Aurantium Dulcis Butter,Antioxidant,4,0,Sensitive,None,Natural plant-derived antioxidant from Citrus Aurantium Dulcis.
PPG-15 Elastin,Exfoliant,1,0,Acne,Dry,A standard cosmetic exfoliant used in skincare formulations.
Persea Gratissima Water,Antioxidant,0,0,Aging,None,Natural plant-derived antioxidant from Persea Gratissima.
PEG-20 Tocopherol,Exfoliant,2,4,Oily,None,A standard cosmetic exfoliant used in skincare formulations.
PEG-100 Dioxide,Buffering,0,1,Acne,Oily,A standard cosmetic buffering used in skincare formulations.
Macadamia Ternifolia Wax,Emollient,0,0,Dry,None,Natural plant-derived emollient from Macadamia Ternifolia.
Hydrogenated Hydroxide,Thickener,0,0,Aging,Acne,A standard cosmetic thickener used in skincare formulations.
Sorbitan Lactate,Antioxidant,2,1,Aging,None,A standard cosmetic antioxidant used in skincare formulations.
Caprylic Retinol,Emollient,0,1,Sensitive,Sensitive,A standard cosmetic emollient used in skincare formulations.
Polysorbate 80 Laurate,Soothing,2,1,Dry,None,A standard cosmetic soothing used in skincare formulations.
Acetylated Hyaluronate,Thickener,5,0,Oily,Dry,A standard cosmetic thickener used in skincare formulations.
PPG-10 Dioxide,Thickener,1,1,Acne,Sensitive,A standard cosmetic thickener used in skincare formulations.
Hydrolyzed Ascorbate,Buffering,2,1,Acne,Oily,A standard cosmetic buffering used in skincare formulations.
Glyceryl Ceramide NP,Surfactant,0,1,Oily,Sensitive,A standard cosmetic surfactant used in skincare formulations.
Lauryl Myristate,Preservative,1,5,Sensitive,Dry,A standard cosmetic preservative used in skincare formulations.
Camellia Sinensis Wax,Emollient,0,0,All,None,Natural plant-derived emollient from Camellia Sinensis.
Glyceryl Tocopherol,Humectant,0,1,Dry,Dry,A standard cosmetic humectant used in skincare formulations.
Propyl Soy Protein,Emollient,0,1,Sensitive,Dry,A standard cosmetic emollient used in skincare formulations.
Morus Alba Butter,Humectant,2,0,Acne,None,Natural plant-derived humectant from Morus Alba.
Glycyrrhiza Glabra Callus Culture Extract,Humectant,0,0,Aging,None,Natural plant-derived humectant from Glycyrrhiza Glabra.
Polysorbate 20 Crosspolymer,Humectant,2,1,Dry,Dry,A standard cosmetic humectant used in skincare formulations.
PEG-40 Sorbate,Chelating,0,1,All,Dry,A standard cosmetic chelating used in skincare formulations.
Iron Ceramide EOP,Solvent,2,1,Aging,None,A standard cosmetic solvent used in skincare formulations.
Melaleuca Alternifolia Butter,Humectant,1,0,Acne,None,Natural plant-derived humectant from Melaleuca Alternifolia.
PEG-40 Stearate,Surfactant,0,2,Dry,Oily,A standard cosmetic surfactant used in skincare formulations.
Titanium Lactate,Soothing,1,0,All,Oily,A standard cosmetic soothing used in skincare formulations.
Zinc Laurate,Preservative,1,2,Oily,Dry,A standard cosmetic preservative used in skincare formulations.
Sorbitan Salicylate,Thickener,3,1,Aging,None,A standard cosmetic thickener used in skincare formulations.
Magnesium Hyaluronate,Thickener,5,1,Acne,Oily,A standard cosmetic thickener used in skincare formulations.
Zea Mays Ferment Filtrate,Antioxidant,0,0,Sensitive,None,Natural plant-derived antioxidant from Zea Mays.
Stearyl Collagen,Surfactant,0,3,Acne,Acne,A standard cosmetic surfactant used in skincare formulations.
Sodium Elastin,Chelating,2,1,Sensitive,None,A standard cosmetic chelating used in skincare formulations.
PPG-15 Myristate,Astringent,1,1,All,Oily,A standard cosmetic astringent used in skincare formulations.
Cocamidopropyl Oat Protein,Chelating,1,1,Acne,Dry,A standard cosmetic chelating used in skincare formulations.
Polysorbate 80 Carbonate,Humectant,0,0,All,None,A standard cosmetic humectant used in skincare formulations.
Propyl Myristate,Emollient,2,1,All,Acne,A standard cosmetic emollient used in skincare formulations.
Palmitoyl Collagen,Emollient,0,1,Dry,Acne,A standard cosmetic emollient used in skincare formulations.
Potassium Chloride,Thickener,3,0,Acne,Sensitive,A standard cosmetic thickener used in skincare formulations.
Lauroyl Salicylate,Buffering,1,0,Aging,Acne,A standard cosmetic buffering used in skincare formulations.
Zea Mays Essential Oil,Emollient,3,2,Acne,Sensitive,Natural plant-derived emollient from Zea Mays.
Calcium Ceramide EOP,Astringent,1,0,Oily,None,A standard cosmetic astringent used in skincare formulations.
Polyglyceryl-3 Oxide,Viscosity Controller,0,1,Aging,Sensitive,A standard cosmetic viscosity controller used in skincare formulations.
PPG-15 Collagen,Emulsifier,1,0,Aging,Sensitive,A standard cosmetic emulsifier used in skincare formulations.
Polysorbate 60 Ceramide AP,Antioxidant,1,1,Oily,Dry,A standard cosmetic antioxidant used in skincare formulations.
Palmitoyl Oxide,Emollient,0,0,All,Dry,A standard cosmetic emollient used in skincare formulations.
Copper Linoleate,Thickener,1,1,Sensitive,Acne,A standard cosmetic thickener used in skincare formulations.
Magnesium Oleate,Exfoliant,0,1,All,Sensitive,A standard cosmetic exfoliant used in skincare formulations.
Melaleuca Alternifolia Root Extract,Humectant,0,0,Oily,None,Natural plant-derived humectant from Melaleuca Alternifolia.
Copper Elastin,Soothing,2,0,Dry,Dry,A standard cosmetic soothing used in skincare formulations.
Avena Sativa Extract,Humectant,0,0,Acne,None,Natural plant-derived humectant from Avena Sativa.
Butyl Linoleate,Solvent,1,1,Oily,Oily,A standard cosmetic solvent used in skincare formulations.
Chamomilla Recutita Oil,Humectant,3,0,All,None,Natural plant-derived humectant from Chamomilla Recutita.
Calcium Collagen,Viscosity Controller,1,1,All,Oily,A standard cosmetic viscosity controller used in skincare formulations.
Avena Sativa Oil,Antioxidant,1,0,Aging,None,Natural plant-derived antioxidant from Avena Sativa.
Persea Gratissima Extract,Emollient,0,0,Sensitive,None,Natural plant-derived emollient from Persea Gratissima.
Glyceryl Laurate,Antioxidant,2,0,All,Acne,A standard cosmetic antioxidant used in skincare formulations.
Morus Alba Callus Culture Extract,Soothing,0,0,Sensitive;Aging;Dry,None,Natural plant-derived soothing from Morus Alba.
Copper Collagen,Soothing,0,1,All,Dry,A standard cosmetic soothing used in skincare formulations.
Hydrogenated Oxide,Solvent,0,0,All,None,A standard cosmetic solvent used in skincare formulations.
Calcium Ascorbate,Antioxidant,0,1,Sensitive,Acne,A standard cosmetic antioxidant used in skincare formulations.
Panax Ginseng Juice,Antioxidant,0,0,All,None,Natural plant-derived antioxidant from Panax Ginseng.
Melaleuca Alternifolia Oil,Antioxidant,2,0,Oily,None,Natural plant-derived antioxidant from Melaleuca Alternifolia.
Sorbitan Silk,Viscosity Controller,2,0,Dry,Oily,A standard cosmetic viscosity controller used in skincare formulations.
Acetylated Ascorbate,Soothing,0,1,Acne,None,A standard cosmetic soothing used in skincare formulations.
Cocamidopropyl Wheat Protein,Astringent,2,0,Oily,Acne,A standard cosmetic astringent used in skincare formulations.
Zea Mays Juice,Antioxidant,0,0,All,None,Natural plant-derived antioxidant from Zea Mays.
Myristyl Palmitate,Antioxidant,0,0,Sensitive,Oily,A standard cosmetic antioxidant used in skincare formulations.
Isopropyl Silk,Antioxidant,0,1,Oily,Sensitive,A standard cosmetic antioxidant used in skincare formulations.
Ethyl Soy Protein,Chelating,2,1,Aging,Sensitive,A standard cosmetic chelating used in skincare formulations.
Aloe Barbadensis Root Extract,Humectant,0,0,Acne,None,Natural plant-derived humectant from Aloe Barbadensis.
Cocamidopropyl Oleate,Emollient,0,0,Dry,Acne,A standard cosmetic emollient used in skincare formulations.
Polysorbate 60 Oleate,Solvent,2,1,All,Sensitive,A standard cosmetic solvent used in skincare formulations.
Acetylated Panthenol,Antioxidant,1,1,Acne,Acne,A standard cosmetic antioxidant used in skincare formulations.
Argania Spinosa Water,Soothing,0,0,Sensitive;Aging;Dry,None,Natural plant-derived soothing from Argania Spinosa.
PPG-15 Dioxide,Soothing,2,1,All,Sensitive,A standard cosmetic soothing used in skincare formulations.
Copper Chloride,Solvent,1,0,Oily,Sensitive,A standard cosmetic solvent used in skincare formulations.
PEG-8 Laurate,Surfactant,0,0,All,Acne,A standard cosmetic surfactant used in skincare formulations.
Aluminum Salicylate,Astringent,0,1,All,Oily,A standard cosmetic astringent used in skincare formulations.
Methyl Laurate,Emollient,0,0,Oily,Oily,A standard cosmetic emollient used in skincare formulations.
Cocamidopropyl Lactate,Soothing,1,1,Acne,Sensitive,A standard cosmetic soothing used in skincare formulations.
Titanium Hyaluronate,Buffering,2,1,Oily,Dry,A standard cosmetic buffering used in skincare formulations.
Isobutyl Silk,Solvent,1,0,Sensitive,Sensitive,A standard cosmetic solvent used in skincare formulations.
Butyl Citrate,Preservative,2,4,Acne,Acne,A standard cosmetic preservative used in skincare formulations.
Polysorbate 80 Phosphate,Astringent,0,0,Oily,Dry,A standard cosmetic astringent used in skincare formulations.
PEG-40 Ceramide NP,Thickener,3,0,Sensitive,Dry,A standard cosmetic thickener used in skincare formulations.
Isobutyl Acetate,Antioxidant,0,1,Aging,Dry,A standard cosmetic antioxidant used in skincare formulations.
Aluminum Hyaluronate,Preservative,0,2,Aging,Sensitive,A standard cosmetic preservative used in skincare formulations.
Olea Europaea Bark Extract,Emollient,0,0,Sensitive,None,Natural plant-derived emollient from Olea Europaea.
Propyl Gluconate,Astringent,1,0,All,Oily,A standard cosmetic astringent used in skincare formulations.
Cocamidopropyl Acetate,Soothing,1,1,All,None,A standard cosmetic soothing used in skincare formulations.
Polysorbate 60 Chloride,Solvent,1,0,Dry,Sensitive,A standard cosmetic solvent used in skincare formulations.
Methyl Benzoate,Chelating,0,1,Aging,None,A standard cosmetic chelating used in skincare formulations.
Lauryl Ceramide AP,Antioxidant,0,1,Dry,Dry,A standard cosmetic antioxidant used in skincare formulations.
Polysorbate 60 Dioxide,Emulsifier,1,0,Dry,Oily,A standard cosmetic emulsifier used in skincare formulations.
Argania Spinosa Juice,Humectant,0,0,Dry,None,Natural plant-derived humectant from Argania Spinosa.
Capric Niacinamide,Emulsifier,1,1,Acne,Oily,A standard cosmetic emulsifier used in skincare formulations.
Morus Alba Lysate,Emollient,0,0,Aging,None,Natural plant-derived emollient from Morus Alba.
Glyceryl Retinol,Exfoliant,0,4,All,Sensitive,A standard cosmetic exfoliant used in skincare formulations.
PEG-20 Copolymer,Thickener,3,1,Sensitive,Acne,A standard cosmetic thickener used in skincare formulations.
Sorbitan Ascorbate,Surfactant,2,5,Dry,None,A standard cosmetic surfactant used in skincare formulations.
Hydrolyzed Oxide,Solvent,2,0,All,None,A standard cosmetic solvent used in skincare formulations.
Copper Wheat Protein,Soothing,1,0,Oily,Oily,A standard cosmetic soothing used in skincare formulations.
PPG-10 Linoleate,Exfoliant,2,1,Sensitive,Acne,A standard cosmetic exfoliant used in skincare formulations.
Olea Europaea Wax,Humectant,0,0,Dry,None,Natural plant-derived humectant from Olea Europaea.
Sodium Peptide,Emollient,3,0,Oily,Sensitive,A standard cosmetic emollient used in skincare formulations.
Citrus Limon Extract,Antioxidant,0,0,Acne,None,Natural plant-derived antioxidant from Citrus Limon.
Butyrospermum Parkii Ferment Filtrate,Humectant,0,0,All,None,Natural plant-derived humectant from Butyrospermum Parkii.
Titanium Keratin,Emulsifier,0,1,Dry,Dry,A standard cosmetic emulsifier used in skincare formulations.
Sodium Panthenol,Solvent,2,0,Dry,Acne,A standard cosmetic solvent used in skincare formulations.
Palmitoyl Ceramide NP,Viscosity Controller,0,1,Aging,Acne,A standard cosmetic viscosity controller used in skincare formulations.
Lauroyl Wheat Protein,Solvent,1,0,Acne,None,A standard cosmetic solvent used in skincare formulations.
Argania Spinosa Fruit Extract,Antioxidant,0,0,Acne,None,Natural plant-derived antioxidant from Argania Spinosa.
Mentha Piperita Flower Extract,Antioxidant,0,0,Sensitive,None,Natural plant-derived antioxidant from Mentha Piperita.
Polyglyceryl-3 Panthenol,Chelating,2,0,All,Acne,A standard cosmetic chelating used in skincare formulations.
Isopropyl Ceramide AP,Exfoliant,2,1,Oily,Sensitive,A standard cosmetic exfoliant used in skincare formulations.
Copper Citrate,Astringent,1,0,Acne,Dry,A standard cosmetic astringent used in skincare formulations.
Cetyl Copolymer,Astringent,2,0,Oily,Acne,A standard cosmetic astringent used in skincare formulations.
Vitis Vinifera Butter,Antioxidant,4,0,Sensitive,None,Natural plant-derived antioxidant from Vitis Vinifera.
Zinc Ceramide EOP,Soothing,0,0,Oily,Sensitive,A standard cosmetic soothing used in skincare formulations.
PEG-8 Citrate,Thickener,2,0,Sensitive,Oily,A standard cosmetic thickener used in skincare formulations.
Simmondsia Chinensis Fruit Extract,Antioxidant,0,0,Dry,None,Natural plant-derived antioxidant from Simmondsia Chinensis.
Butyl Peptide,Chelating,0,1,Oily,Sensitive,A standard cosmetic chelating used in skincare formulations.
Acetylated Ceramide AP,Chelating,0,1,All,Acne,A standard cosmetic chelating used in skincare formulations.
Cocos Nucifera Root Extract,Emollient,0,0,Sensitive,None,Natural plant-derived emollient from Cocos Nucifera.
Polysorbate 20 Ceramide NP,Preservative,1,4,Aging,Sensitive,A standard cosmetic preservative used in skincare formulations.
Sorbitan Dioxide,Emulsifier,0,0,All,Oily,A standard cosmetic emulsifier used in skincare formulations.
Cocoyl Chloride,Chelating,0,1,Aging,Acne,A standard cosmetic chelating used in skincare formulations.
Propyl Lactate,Solvent,1,0,Dry,None,A standard cosmetic solvent used in skincare formulations.
PEG-20 Elastin,Surfactant,0,0,Sensitive,None,A standard cosmetic surfactant used in skincare formulations.
Cetearyl Stearate,Soothing,1,0,Dry,None,A standard cosmetic soothing used in skincare formulations.
Caprylic Ceramide NP,Soothing,2,1,Acne,Sensitive,A standard cosmetic soothing used in skincare formulations.
PPG-10 Elastin,Emollient,5,0,Aging,Dry,A standard cosmetic emollient used in skincare formulations.
PEG-100 Copolymer,Buffering,2,1,Aging,Oily,A standard cosmetic buffering used in skincare formulations.
Propyl Ceramide AP,Soothing,2,0,Acne,Oily,A standard cosmetic soothing used in skincare formulations.
Lauryl Oat Protein,Thickener,0,1,Oily,Sensitive,A standard cosmetic thickener used in skincare formulations.
Hydrogenated Chloride,Emollient,0,0,Sensitive,Acne,A standard cosmetic emollient used in skincare formulations.
Cocamidopropyl Collagen,Soothing,2,0,Acne,Acne,A standard cosmetic soothing used in skincare formulations.
PEG-40 Keratin,Surfactant,1,0,Sensitive,Acne,A standard cosmetic surfactant used in skincare formulations.
Mentha Piperita Water,Humectant,0,0,Oily,None,Natural plant-derived humectant from Mentha Piperita.
Cocoyl Retinol,Soothing,1,1,All,None,A standard cosmetic soothing used in skincare formulations.
Camellia Sinensis Lysate,Antioxidant,0,0,All,None,Natural plant-derived antioxidant from Camellia Sinensis.
Calcium Stearate,Emulsifier,1,1,Aging,Oily,A standard cosmetic emulsifier used in skincare formulations.
Panax Ginseng Ferment Filtrate,Antioxidant,0,0,Oily,None,Natural plant-derived antioxidant from Panax Ginseng.
Polysorbate 60 Crosspolymer,Exfoliant,0,5,Aging,Dry,A standard cosmetic exfoliant used in skincare formulations.
Cetearyl Sorbate,Astringent,2,0,Sensitive,Acne,A standard cosmetic astringent used in skincare formulations.
Punica Granatum Ferment Filtrate,Soothing,0,0,Sensitive;Aging;Dry,None,Natural plant-derived soothing from Punica Granatum.
Magnesium Dioxide,Humectant,2,1,Aging,Acne,A standard cosmetic humectant used in skincare formulations.
Persea Gratissima Leaf Extract,Antioxidant,0,0,Dry,None,Natural plant-derived antioxidant from Persea Gratissima.
Polysorbate 20 Dioxide,Humectant,2,0,Oily,None,A standard cosmetic humectant used in skincare formulations.
Punica Granatum Water,Humectant,0,0,Acne,None,Natural plant-derived humectant from Punica Granatum.
Sodium Hyaluronate,Chelating,1,0,All,Acne,A standard cosmetic chelating used in skincare formulations.
Cetearyl Palmitate,Chelating,2,1,Dry,Acne,A standard cosmetic chelating used in skincare formulations.
Hydrogenated Hyaluronate,Buffering,2,1,All,Dry,A standard cosmetic buffering used in skincare formulations.
Magnesium Stearate,Buffering,0,0,Aging,None,A standard cosmetic buffering used in skincare formulations.
Polysorbate 60 Oat Protein,Humectant,0,1,Dry,Sensitive,A standard cosmetic humectant used in skincare formulations.
Isopropyl Linoleate,Preservative,0,2,Aging,Sensitive,A standard cosmetic preservative used in skincare formulations.
PEG-40 Hyaluronate,Antioxidant,0,0,All,None,A standard cosmetic antioxidant used in skincare formulations.
Glyceryl Sulfate,Antioxidant,1,1,Acne,Sensitive,A standard cosmetic antioxidant used in skincare formulations.
Methyl Salicylate,Emulsifier,2,0,Sensitive,Acne,A standard cosmetic emulsifier used in skincare formulations.
Glycyrrhiza Glabra Ferment Filtrate,Emollient,0,0,All,None,Natural plant-derived emollient from Glycyrrhiza Glabra.
Methyl Ascorbate,Buffering,1,1,Acne,None,A standard cosmetic buffering used in skincare formulations.
Capric Oleate,Humectant,1,0,Dry,Oily,A standard cosmetic humectant used in skincare formulations.
Cocoyl Gluconate,Viscosity Controller,2,1,Oily,Sensitive,A standard cosmetic viscosity controller used in skincare formulations.
Iron Myristate,Viscosity Controller,0,0,Oily,Acne,A standard cosmetic viscosity controller used in skincare formulations.
Butyrospermum Parkii Juice,Humectant,0,0,All,None,Natural plant-derived humectant from Butyrospermum Parkii.
Prunus Amygdalus Dulcis Water,Emollient,0,0,Aging,None,Natural plant-derived emollient from Prunus Amygdalus Dulcis.
Methyl Oxide,Buffering,1,0,Aging,Oily,A standard cosmetic buffering used in skincare formulations.
PPG-15 Crosspolymer,Antioxidant,2,0,Sensitive,Dry,A standard cosmetic antioxidant used in skincare formulations.
Caprylic Palmitate,Solvent,0,1,All,Acne,A standard cosmetic solvent used in skincare formulations.
Isopropyl Citrate,Humectant,2,1,Oily,Acne,A standard cosmetic humectant used in skincare formulations.
Polysorbate 60 Oxide,Exfoliant,2,5,Acne,None,A standard cosmetic exfoliant used in skincare formulations.
Capric Chloride,Preservative,2,1,Dry,None,A standard cosmetic preservative used in skincare formulations.
Rosa Damascena Flower Extract,Emollient,0,0,Sensitive,None,Natural plant-derived emollient from Rosa Damascena.
Propyl Wheat Protein,Soothing,2,0,Aging,Dry,A standard cosmetic soothing used in skincare formulations.
Rubus Idaeus Callus Culture Extract,Emollient,0,0,All,None,Natural plant-derived emollient from Rubus Idaeus.
Behenyl Sulfate,Exfoliant,2,3,All,Sensitive,A standard cosmetic exfoliant used in skincare formulations.
Ethyl Silk,Solvent,1,1,All,Sensitive,A standard cosmetic solvent used in skincare formulations.
Myristyl Peptide,Solvent,0,1,Sensitive,Dry,A standard cosmetic solvent used in skincare formulations.
Cocamidopropyl Linoleate,Emulsifier,0,0,Dry,Sensitive,A standard cosmetic emulsifier used in skincare formulations.
Ethyl Hyaluronate,Emulsifier,0,1,Sensitive,None,A standard cosmetic emulsifier used in skincare formulations.
Myristoyl Carbonate,Buffering,0,1,Acne,None,A standard cosmetic buffering used in skincare formulations.
Polyglyceryl-3 Salicylate,Emulsifier,0,0,Dry,Oily,A standard cosmetic emulsifier used in skincare formulations.
Magnesium Oat Protein,Soothing,2,1,All,Sensitive,A standard cosmetic soothing used in skincare formulations.
Hydrogenated Acetate,Viscosity Controller,0,0,Aging,Dry,A standard cosmetic viscosity controller used in skincare formulations.
PEG-8 Palmitate,Preservative,0,2,All,Oily,A standard cosmetic preservative used in skincare formulations.
Palmitoyl Acetate,Buffering,0,1,Aging,Oily,A standard cosmetic buffering used in skincare formulations.
Palmitoyl Crosspolymer,Viscosity Controller,0,0,All,Acne,A standard cosmetic viscosity controller used in skincare formulations.
Calendula Officinalis Wax,Antioxidant,0,0,Oily,None,Natural plant-derived antioxidant from Calendula Officinalis.
Zinc Hyaluronate,Soothing,0,1,Oily,Sensitive,A standard cosmetic soothing used in skincare formulations.
Acetylated Ceramide EOP,Emollient,2,0,Dry,Acne,A standard cosmetic emollient used in skincare formulations.
Calcium Hydroxide,Emulsifier,2,1,Sensitive,Dry,A standard cosmetic emulsifier used in skincare formulations.
Cocoyl Myristate,Chelating,0,1,Acne,Sensitive,A standard cosmetic chelating used in skincare formulations.
Rosmarinus Officinalis Lysate,Antioxidant,0,0,Oily,None,Natural plant-derived antioxidant from Rosmarinus Officinalis.
PEG-8 Niacinamide,Surfactant,1,5,All,Acne,A standard cosmetic surfactant used in skincare formulations.
Cetearyl Ceramide AP,Astringent,2,1,Sensitive,Oily,A standard cosmetic astringent used in skincare formulations.
Stearyl Ascorbate,Humectant,1,1,Oily,Acne,A standard cosmetic humectant used in skincare formulations.
Propyl Dioxide,Exfoliant,2,1,All,Sensitive,A standard cosmetic exfoliant used in skincare formulations.
Stearyl Ceramide NP,Solvent,0,0,Oily,None,A standard cosmetic solvent used in skincare formulations.
Polysorbate 60 Stearate,Antioxidant,1,1,Oily,None,A standard cosmetic antioxidant used in skincare formulations.
Stearyl Laurate,Antioxidant,1,1,Oily,Sensitive,A standard cosmetic antioxidant used in skincare formulations.
Lauroyl Chloride,Viscosity Controller,2,1,All,Acne,A standard cosmetic viscosity controller used in skincare formulations.
Lauroyl Benzoate,Chelating,1,0,Sensitive,Oily,A standard cosmetic chelating used in skincare formulations.
PPG-10 Citrate,Viscosity Controller,2,0,Acne,None,A standard cosmetic viscosity controller used in skincare formulations.
Isopropyl Keratin,Viscosity Controller,2,1,Aging,None,A standard cosmetic viscosity controller used in skincare formulations.
Oryza Sativa Wax,Antioxidant,0,0,Sensitive,None,Natural plant-derived antioxidant from Oryza Sativa.
Polysorbate 80 Ascorbate,Chelating,1,1,Acne,None,A standard cosmetic chelating used in skincare formulations.
Acetylated Palmitate,Solvent,2,1,Dry,Dry,A standard cosmetic solvent used in skincare formulations.
Cocamidopropyl Silk,Soothing,2,0,Sensitive,Sensitive,A standard cosmetic soothing used in skincare formulations.
PEG-20 Crosspolymer,Thickener,2,0,Aging,Acne,A standard cosmetic thickener used in skincare formulations.
Polyglyceryl-3 Wheat Protein,Astringent,1,1,Sensitive,Dry,A standard cosmetic astringent used in skincare formulations.
Hydrolyzed Elastin,Astringent,1,1,Dry,None,A standard cosmetic astringent used in skincare formulations.
Behenyl Silk,Preservative,1,4,Sensitive,Dry,A standard cosmetic preservative used in skincare formulations.
Capric Elastin,Preservative,2,1,Dry,None,A standard cosmetic preservative used in skincare formulations.
Cocos Nucifera Juice,Soothing,0,0,Sensitive;Aging;Dry,None,Natural plant-derived soothing from Cocos Nucifera.
Cetearyl Soy Protein,Surfactant,1,2,Dry,None,A standard cosmetic surfactant used in skincare formulations.
PEG-8 Hyaluronate,Astringent,2,0,Dry,None,A standard cosmetic astringent used in skincare formulations.
Myristyl Tocopherol,Antioxidant,0,1,Oily,Dry,A standard cosmetic antioxidant used in skincare formulations.
Calcium Benzoate,Buffering,2,1,Aging,Acne,A standard cosmetic buffering used in skincare formulations.
Stearyl Myristate,Emulsifier,2,0,Sensitive,Acne,A standard cosmetic emulsifier used in skincare formulations.
Aloe Barbadensis Ferment Filtrate,Antioxidant,0,0,Sensitive,None,Natural plant-derived antioxidant from Aloe Barbadensis.
PEG-20 Benzoate,Thickener,4,0,All,Dry,A standard cosmetic thickener used in skincare formulations.
Methyl Collagen,Viscosity Controller,1,0,Acne,Oily,A standard cosmetic viscosity controller used in skincare formulations.
Polysorbate 60 Sorbate,Exfoliant,1,1,Oily,Dry,A standard cosmetic exfoliant used in skincare formulations.
Zea Mays Butter,Soothing,3,0,Sensitive;Aging;Dry,None,Natural plant-derived soothing from Zea Mays.
Butyl Wheat Protein,Thickener,2,0,Aging,Oily,A standard cosmetic thickener used in skincare formulations.
Cetearyl Salicylate,Thickener,1,1,Oily,Acne,A standard cosmetic thickener used in skincare formulations.
Titanium Silk,Exfoliant,1,4,Dry,None,A standard cosmetic exfoliant used in skincare formulations.
Iron Soy Protein,Chelating,2,0,Dry,Dry,A standard cosmetic chelating used in skincare formulations.
Propyl Hyaluronate,Emulsifier,1,0,Sensitive,Oily,A standard cosmetic emulsifier used in skincare formulations.
PPG-15 Sulfate,Viscosity Controller,2,0,Aging,Acne,A standard cosmetic viscosity controller used in skincare formulations.
Cocos Nucifera Ferment Filtrate,Emollient,0,0,Oily,None,Natural plant-derived emollient from Cocos Nucifera.
Morus Alba Fruit Extract,Humectant,0,0,Aging,None,Natural plant-derived humectant from Morus Alba.
Aluminum Soy Protein,Humectant,1,1,Acne,None,A standard cosmetic humectant used in skincare formulations.
PPG-10 Keratin,Surfactant,2,3,Sensitive,Dry,A standard cosmetic surfactant used in skincare formulations.
Punica Granatum Extract,Soothing,0,0,Sensitive;Aging;Dry,None,Natural plant-derived soothing from Punica Granatum.
Citrus Aurantium Dulcis Extract,Soothing,0,0,Sensitive;Aging;Dry,None,Natural plant-derived soothing from Citrus Aurantium Dulcis.
Punica Granatum Butter,Emollient,3,0,Acne,None,Natural plant-derived emollient from Punica Granatum.
Palmitoyl Wheat Protein,Thickener,0,0,Aging,Dry,A standard cosmetic thickener used in skincare formulations.
Chamomilla Recutita Callus Culture Extract,Antioxidant,0,0,Aging,None,Natural plant-derived antioxidant from Chamomilla Recutita.
Potassium Soy Protein,Humectant,1,0,Sensitive,Dry,A standard cosmetic humectant used in skincare formulations.
Glyceryl Myristate,Preservative,2,1,Sensitive,Acne,A standard cosmetic preservative used in skincare formulations.
Panax Ginseng Callus Culture Extract,Humectant,0,0,Dry,None,Natural plant-derived humectant from Panax Ginseng.
PPG-15 Copolymer,Preservative,2,1,Dry,Sensitive,A standard cosmetic preservative used in skincare formulations.
Stearyl Citrate,Exfoliant,2,2,Dry,Dry,A standard cosmetic exfoliant used in skincare formulations.
Hydrolyzed Hydroxide,Solvent,1,0,Oily,Dry,A standard cosmetic solvent used in skincare formulations.
Sodium Ceramide NP,Buffering,1,1,Dry,None,A standard cosmetic buffering used in skincare formulations.
Polysorbate 60 Hyaluronate,Antioxidant,0,0,All,Oily,A standard cosmetic antioxidant used in skincare formulations.
Caprylic Myristate,Preservative,0,3,Sensitive,Sensitive,A standard cosmetic preservative used in skincare formulations.
Polysorbate 80 Peptide,Astringent,1,1,Sensitive,Dry,A standard cosmetic astringent used in skincare formulations.
Glycyrrhiza Glabra Leaf Extract,Soothing,0,0,Sensitive;Aging;Dry,None,Natural plant-derived soothing from Glycyrrhiza Glabra.
Iron Silk,Preservative,2,5,All,Oily,A standard cosmetic preservative used in skincare formulations.
Sodium Laurate,Humectant,2,1,Oily,Sensitive,A standard cosmetic humectant used in skincare formulations.
Citrus Limon Root Extract,Emollient,0,0,Sensitive,None,Natural plant-derived emollient from Citrus Limon.
Iron Copolymer,Antioxidant,2,0,Acne,Oily,A standard cosmetic antioxidant used in skincare formulations.
Cocos Nucifera Leaf Extract,Soothing,0,0,Sensitive;Aging;Dry,None,Natural plant-derived soothing from Cocos Nucifera.
Citrus Limon Bark Extract,Emollient,0,0,Oily,None,Natural plant-derived emollient from Citrus Limon.
Hydrolyzed Salicylate,Antioxidant,1,1,Oily,None,A standard cosmetic antioxidant used in skincare formulations.
Eucalyptus Globulus Water,Soothing,0,0,Sensitive;Aging;Dry,None,Natural plant-derived soothing from Eucalyptus Globulus.
Cetearyl Ceramide NP,Chelating,1,1,Sensitive,Sensitive,A standard cosmetic chelating used in skincare formulations.
Butyl Keratin,Surfactant,2,3,All,Oily,A standard cosmetic surfactant used in skincare formulations.
Butyl Collagen,Antioxidant,2,0,Aging,Dry,A standard cosmetic antioxidant used in skincare formulations.
Glycine Soja Wax,Emollient,0,0,Sensitive,None,Natural plant-derived emollient from Glycine Soja.
Cocos Nucifera Wax,Antioxidant,0,0,Oily,None,Natural plant-derived antioxidant from Cocos Nucifera.
Punica Granatum Oil,Humectant,1,0,Acne,None,Natural plant-derived humectant from Punica Granatum.
Cocamidopropyl Hyaluronate,Chelating,0,1,Oily,Acne,A standard cosmetic chelating used in skincare formulations.
PPG-10 Soy Protein,Exfoliant,1,3,Aging,None,A standard cosmetic exfoliant used in skincare formulations.
Methyl Chloride,Thickener,5,1,Dry,None,A standard cosmetic thickener used in skincare formulations.
PEG-8 Chloride,Soothing,0,1,Acne,Acne,A standard cosmetic soothing used in skincare formulations.
Calcium Ceramide NP,Astringent,0,0,Acne,None,A standard cosmetic astringent used in skincare formulations.
Lauryl Stearate,Antioxidant,2,1,Aging,None,A standard cosmetic antioxidant used in skincare formulations.
Cocoyl Laurate,Buffering,2,0,Dry,Dry,A standard cosmetic buffering used in skincare formulations.
Sodium Niacinamide,Antioxidant,1,0,Sensitive,Sensitive,A standard cosmetic antioxidant used in skincare formulations.
Triticum Vulgare Essential Oil,Emollient,3,2,Oily,Sensitive,Natural plant-derived emollient from Triticum Vulgare.
Iron Carbonate,Viscosity Controller,2,1,All,Dry,A standard cosmetic viscosity controller used in skincare formulations.
PEG-40 Crosspolymer,Chelating,1,1,Sensitive,None,A standard cosmetic chelating used in skincare formulations.
Rosa Damascena Ferment Filtrate,Emollient,0,0,Oily,None,Natural plant-derived emollient from Rosa Damascena.
Triticum Vulgare Juice,Soothing,0,0,Sensitive;Aging;Dry,None,Natural plant-derived soothing from Triticum Vulgare.
Aluminum Oat Protein,Thickener,5,1,Acne,Oily,A standard cosmetic thickener used in skincare formulations.
PEG-8 Gluconate,Antioxidant,2,0,Sensitive,Sensitive,A standard cosmetic antioxidant used in skincare formulations.
Calendula Officinalis Essential Oil,Humectant,2,3,Dry,Sensitive,Natural plant-derived humectant from Calendula Officinalis.
Magnesium Salicylate,Viscosity Controller,1,0,Aging,None,A standard cosmetic viscosity controller used in skincare formulations.
Methyl Sulfate,Viscosity Controller,0,0,Acne,Oily,A standard cosmetic viscosity controller used in skincare formulations.
Acetylated Soy Protein,Chelating,0,0,Dry,Dry,A standard cosmetic chelating used in skincare formulations.
Methyl Ceramide NP,Emollient,2,0,Aging,Oily,A standard cosmetic emollient used in skincare formulations.
Simmondsia Chinensis Wax,Soothing,0,0,Sensitive;Aging;Dry,None,Natural plant-derived soothing from Simmondsia Chinensis.
Butyl Stearate,Emulsifier,2,0,Acne,None,A standard cosmetic emulsifier used in skincare formulations.
Cetearyl Myristate,Exfoliant,0,1,Acne,None,A standard cosmetic exfoliant used in skincare formulations.
Polysorbate 60 Citrate,Emollient,2,1,Oily,Sensitive,A standard cosmetic emollient used in skincare formulations.
Palmitoyl Silk,Soothing,2,1,Oily,Sensitive,A standard cosmetic soothing used in skincare formulations.
Aluminum Stearate,Antioxidant,2,1,Dry,Dry,A standard cosmetic antioxidant used in skincare formulations.
Propyl Keratin,Surfactant,0,4,Dry,Sensitive,A standard cosmetic surfactant used in skincare formulations.
Calcium Keratin,Buffering,2,0,Dry,Oily,A standard cosmetic buffering used in skincare formulations.
PPG-15 Gluconate,Chelating,1,1,Dry,Acne,A standard cosmetic chelating used in skincare formulations.
Sodium Phosphate,Buffering,2,1,All,Sensitive,A standard cosmetic buffering used in skincare formulations.
Isobutyl Carbonate,Humectant,1,1,Sensitive,Acne,A standard cosmetic humectant used in skincare formulations.
Cetyl Laurate,Soothing,1,0,Oily,Dry,A standard cosmetic soothing used in skincare formulations.
Polyglyceryl-3 Ceramide NP,Buffering,0,0,Dry,Oily,A standard cosmetic buffering used in skincare formulations.
Sorbitan Phosphate,Antioxidant,0,1,Aging,Sensitive,A standard cosmetic antioxidant used in skincare formulations.
Lauryl Tocopherol,Humectant,0,0,Acne,Oily,A standard cosmetic humectant used in skincare formulations.
PPG-15 Silk,Viscosity Controller,2,1,Aging,Sensitive,A standard cosmetic viscosity controller used in skincare formulations.
PEG-20 Collagen,Surfactant,2,4,Acne,None,A standard cosmetic surfactant used in skincare formulations.
Camellia Sinensis Root Extract,Emollient,0,0,Aging,None,Natural plant-derived emollient from Camellia Sinensis.
Centella Asiatica Bark Extract,Humectant,0,0,Dry,None,Natural plant-derived humectant from Centella Asiatica.
Cocoyl Ceramide NP,Soothing,0,0,Dry,Dry,A standard cosmetic soothing used in skincare formulations.
Caprylic Stearate,Solvent,2,1,Aging,None,A standard cosmetic solvent used in skincare formulations.
Centella Asiatica Butter,Humectant,2,0,Dry,None,Natural plant-derived humectant from Centella Asiatica.
Aloe Barbadensis Butter,Antioxidant,3,0,Sensitive,None,Natural plant-derived antioxidant from Aloe Barbadensis.
Lauroyl Ceramide EOP,Surfactant,2,0,Aging,Oily,A standard cosmetic surfactant used in skincare formulations.
Butyl Ceramide NP,Exfoliant,2,5,Dry,Oily,A standard cosmetic exfoliant used in skincare formulations.
Capric Panthenol,Surfactant,0,0,Acne,Acne,A standard cosmetic surfactant used in skincare formulations.
Hydrolyzed Niacinamide,Astringent,2,0,Acne,Dry,A standard cosmetic astringent used in skincare formulations.
Propyl Laurate,Humectant,2,0,All,None,A standard cosmetic humectant used in skincare formulations.
Potassium Benzoate,Preservative,1,3,All,Acne,A standard cosmetic preservative used in skincare formulations.
Cocos Nucifera Seed Extract,Humectant,0,0,Oily,None,Natural plant-derived humectant from Cocos Nucifera.
Acetylated Laurate,Preservative,1,4,Sensitive,Acne,A standard cosmetic preservative used in skincare formulations.
Polysorbate 60 Hydroxide,Chelating,1,0,Dry,Oily,A standard cosmetic chelating used in skincare formulations.
Isobutyl Oleate,Chelating,0,1,Acne,Oily,A standard cosmetic chelating used in skincare formulations.
Prunus Amygdalus Dulcis Extract,Humectant,0,0,Dry,None,Natural plant-derived humectant from Prunus Amygdalus Dulcis.
Macadamia Ternifolia Essential Oil,Antioxidant,2,2,Acne,Sensitive,Natural plant-derived antioxidant from Macadamia Ternifolia.
Punica Granatum Flower Extract,Humectant,0,0,Aging,None,Natural plant-derived humectant from Punica Granatum.
Rosa Damascena Essential Oil,Emollient,4,1,Dry,Sensitive,Natural plant-derived emollient from Rosa Damascena.
Polyglyceryl-3 Ascorbate,Astringent,0,0,All,Dry,A standard cosmetic astringent used in skincare formulations.
Eucalyptus Globulus Oil,Emollient,3,0,All,None,Natural plant-derived emollient from Eucalyptus Globulus.
Cocamidopropyl Oxide,Antioxidant,0,0,Sensitive,Acne,A standard cosmetic antioxidant used in skincare formulations.
Polysorbate 80 Ceramide EOP,Buffering,2,1,Acne,Oily,A standard cosmetic buffering used in skincare formulations.
Caprylic Hyaluronate,Thickener,2,1,Oily,Acne,A standard cosmetic thickener used in skincare formulations.
Iron Niacinamide,Surfactant,1,0,All,Dry,A standard cosmetic surfactant used in skincare formulations.
Aluminum Panthenol,Thickener,1,0,Dry,None,A standard cosmetic thickener used in skincare formulations.
Ethyl Ceramide AP,Chelating,0,0,Acne,None,A standard cosmetic chelating used in skincare formulations.
Oryza Sativa Essential Oil,Antioxidant,2,2,Oily,Sensitive,Natural plant-derived antioxidant from Oryza Sativa.
Glyceryl Stearate,Emulsifier,2,1,Oily,None,A standard cosmetic emulsifier used in skincare formulations.
Zea Mays Flower Extract,Emollient,0,0,Acne,None,Natural plant-derived emollient from Zea Mays.
Melaleuca Alternifolia Essential Oil,Antioxidant,3,3,Sensitive,Sensitive,Natural plant-derived antioxidant from Melaleuca Alternifolia.
PEG-40 Sulfate,Antioxidant,2,1,All,None,A standard cosmetic antioxidant used in skincare formulations.
Glyceryl Chloride,Antioxidant,2,0,Aging,Acne,A standard cosmetic antioxidant used in skincare formulations.
PEG-40 Oat Protein,Humectant,2,1,Sensitive,Sensitive,A standard cosmetic humectant used in skincare formulations.
Cetyl Ascorbate,Emulsifier,1,0,Aging,None,A standard cosmetic emulsifier used in skincare formulations.
Prunus Amygdalus Dulcis Leaf Extract,Soothing,0,0,Sensitive;Aging;Dry,None,Natural plant-derived soothing from Prunus Amygdalus Dulcis.
Magnesium Hydroxide,Buffering,0,0,Sensitive,Sensitive,A standard cosmetic buffering used in skincare formulations.
Cocamidopropyl Citrate,Exfoliant,0,3,Dry,Sensitive,A standard cosmetic exfoliant used in skincare formulations.
Hydrogenated Carbonate,Antioxidant,0,0,Acne,Acne,A standard cosmetic antioxidant used in skincare formulations.
Lauroyl Collagen,Chelating,1,0,Aging,None,A standard cosmetic chelating used in skincare formulations.
Calendula Officinalis Butter,Soothing,4,0,Sensitive;Aging;Dry,None,Natural plant-derived soothing from Calendula Officinalis.
Zea Mays Callus Culture Extract,Soothing,0,0,Sensitive;Aging;Dry,None,Natural plant-derived soothing from Zea Mays.
Palmitoyl Soy Protein,Antioxidant,1,1,Aging,Acne,A standard cosmetic antioxidant used in skincare formulations.
Cetyl Tocopherol,Buffering,2,1,Oily,Dry,A standard cosmetic buffering used in skincare formulations.
Aluminum Niacinamide,Viscosity Controller,2,0,Dry,Dry,A standard cosmetic viscosity controller used in skincare formulations.
Ethyl Phosphate,Humectant,2,0,Aging,Oily,A standard cosmetic humectant used in skincare formulations.
Polyglyceryl-3 Laurate,Emollient,5,0,Dry,Oily,A standard cosmetic emollient used in skincare formulations.
Cocoyl Niacinamide,Viscosity Controller,1,0,Dry,Sensitive,A standard cosmetic viscosity controller used in skincare formulations.
PPG-10 Sorbate,Antioxidant,2,1,Aging,None,A standard cosmetic antioxidant used in skincare formulations.
Persea Gratissima Ferment Filtrate,Humectant,0,0,Aging,None,Natural plant-derived humectant from Persea Gratissima.
Polysorbate 20 Oat Protein,Viscosity Controller,1,1,Dry,Oily,A standard cosmetic viscosity controller used in skincare formulations.
Myristoyl Tocopherol,Surfactant,1,0,Oily,Dry,A standard cosmetic surfactant used in skincare formulations.
PEG-40 Copolymer,Antioxidant,0,1,Sensitive,Sensitive,A standard cosmetic antioxidant used in skincare formulations.
Calcium Peptide,Soothing,1,1,Oily,Oily,A standard cosmetic soothing used in skincare formulations.
Argania Spinosa Flower Extract,Emollient,0,0,All,None,Natural plant-derived emollient from Argania Spinosa.
Iron Oxide,Emulsifier,2,0,All,Oily,A standard cosmetic emulsifier used in skincare formulations.
Caprylic Silk,Viscosity Controller,1,1,All,Oily,A standard cosmetic viscosity controller used in skincare formulations.
Propyl Carbonate,Buffering,1,1,Aging,Dry,A standard cosmetic buffering used in skincare formulations.
Glyceryl Gluconate,Antioxidant,1,0,All,Sensitive,A standard cosmetic antioxidant used in skincare formulations.
Lauroyl Ceramide AP,Preservative,0,1,Aging,Acne,A standard cosmetic preservative used in skincare formulations.
Ethyl Copolymer,Chelating,1,1,Sensitive,Dry,A standard cosmetic chelating used in skincare formulations.
Simmondsia Chinensis Butter,Antioxidant,1,0,Sensitive,None,Natural plant-derived antioxidant from Simmondsia Chinensis.
Glycine Soja Butter,Soothing,4,0,Sensitive;Aging;Dry,None,Natural plant-derived soothing from Glycine Soja.
Triticum Vulgare Fruit Extract,Humectant,0,0,Acne,None,Natural plant-derived humectant from Triticum Vulgare.
Citrus Limon Butter,Soothing,4,0,Sensitive;Aging;Dry,None,Natural plant-derived soothing from Citrus Limon.
Glyceryl Citrate,Chelating,1,0,Sensitive,Dry,A standard cosmetic chelating used in skincare formulations.
Zinc Copolymer,Exfoliant,0,4,All,Sensitive,A standard cosmetic exfoliant used in skincare formulations.
Isobutyl Soy Protein,Preservative,0,5,Aging,None,A standard cosmetic preservative used in skincare formulations.
PPG-10 Wheat Protein,Emollient,2,1,Dry,Dry,A standard cosmetic emollient used in skincare formulations.
Stearyl Panthenol,Exfoliant,2,5,Aging,Acne,A standard cosmetic exfoliant used in skincare formulations.
Citrus Limon Juice,Antioxidant,0,0,Aging,None,Natural plant-derived antioxidant from Citrus Limon.
Behenyl Retinol,Astringent,0,1,Aging,Oily,A standard cosmetic astringent used in skincare formulations.
Calcium Oat Protein,Emollient,1,1,Sensitive,None,A standard cosmetic emollient used in skincare formulations.
Simmondsia Chinensis Extract,Soothing,0,0,Sensitive;Aging;Dry,None,Natural plant-derived soothing from Simmondsia Chinensis.
Copper Acetate,Solvent,0,1,Dry,None,A standard cosmetic solvent used in skincare formulations.
Macadamia Ternifolia Extract,Emollient,0,0,Aging,None,Natural plant-derived emollient from Macadamia Ternifolia.
Polysorbate 60 Peptide,Emollient,3,1,Acne,None,A standard cosmetic emollient used in skincare formulations.
Cetearyl Oxide,Preservative,1,2,Acne,Dry,A standard cosmetic preservative used in skincare formulations.
Myristyl Ceramide AP,Chelating,1,0,Acne,Acne,A standard cosmetic chelating used in skincare formulations.
Cetyl Carbonate,Antioxidant,2,1,Sensitive,Acne,A standard cosmetic antioxidant used in skincare formulations.
Rosmarinus Officinalis Flower Extract,Humectant,0,0,Dry,None,Natural plant-derived humectant from Rosmarinus Officinalis.
Cocoyl Palmitate,Thickener,5,0,Aging,None,A standard cosmetic thickener used in skincare formulations.
PPG-10 Hyaluronate,Thickener,4,0,Sensitive,Dry,A standard cosmetic thickener used in skincare formulations.
Helianthus Annuus Flower Extract,Antioxidant,0,0,All,None,Natural plant-derived antioxidant from Helianthus Annuus.
Butyrospermum Parkii Wax,Soothing,0,0,Sensitive;Aging;Dry,None,Natural plant-derived soothing from Butyrospermum Parkii.
Iron Elastin,Chelating,0,1,All,Sensitive,A standard cosmetic chelating used in skincare formulations.
PPG-10 Panthenol,Preservative,0,0,All,Sensitive,A standard cosmetic preservative used in skincare formulations.
Capric Phosphate,Viscosity Controller,0,1,Acne,Dry,A standard cosmetic viscosity controller used in skincare formulations.
Helianthus Annuus Fruit Extract,Soothing,0,0,Sensitive;Aging;Dry,None,Natural plant-derived soothing from Helianthus Annuus.
PPG-10 Phosphate,Thickener,2,1,Sensitive,Dry,A standard cosmetic thickener used in skincare formulations.
Polysorbate 60 Laurate,Soothing,2,1,Dry,Dry,A standard cosmetic soothing used in skincare formulations.
Melaleuca Alternifolia Water,Emollient,0,0,All,None,Natural plant-derived emollient from Melaleuca Alternifolia.
Cetearyl Lactate,Soothing,1,0,Sensitive,Oily,A standard cosmetic soothing used in skincare formulations.
Lavandula Angustifolia Ferment Filtrate,Soothing,0,0,Sensitive;Aging;Dry,None,Natural plant-derived soothing from Lavandula Angustifolia.
Hydrogenated Sulfate,Viscosity Controller,0,1,Oily,Sensitive,A standard cosmetic viscosity controller used in skincare formulations.
Potassium Phosphate,Exfoliant,2,1,Acne,Sensitive,A standard cosmetic exfoliant used in skincare formulations.
Ginkgo Biloba Leaf Extract,Emollient,0,0,Aging,None,Natural plant-derived emollient from Ginkgo Biloba.
Magnesium Chloride,Chelating,0,0,All,Dry,A standard cosmetic chelating used in skincare formulations.
Titanium Ceramide AP,Emulsifier,2,0,Oily,Acne,A standard cosmetic emulsifier used in skincare formulations.
Myristyl Oxide,Exfoliant,1,3,Sensitive,Sensitive,A standard cosmetic exfoliant used in skincare formulations.
Rubus Idaeus Extract,Antioxidant,0,0,Sensitive,None,Natural plant-derived antioxidant from Rubus Idaeus.
Vitis Vinifera Callus Culture Extract,Emollient,0,0,Dry,None,Natural plant-derived emollient from Vitis Vinifera.
Aluminum Carbonate,Buffering,1,0,Aging,None,A standard cosmetic buffering used in skincare formulations.
Cocoyl Tocopherol,Emollient,5,0,Aging,Acne,A standard cosmetic emollient used in skincare formulations.
Triticum Vulgare Leaf Extract,Antioxidant,0,0,Sensitive,None,Natural plant-derived antioxidant from Triticum Vulgare.
Sodium Sulfate,Humectant,2,0,Acne,Acne,A standard cosmetic humectant used in skincare formulations.
Centella Asiatica Wax,Emollient,0,0,Acne,None,Natural plant-derived emollient from Centella Asiatica.
Behenyl Copolymer,Solvent,0,1,Oily,Sensitive,A standard cosmetic solvent used in skincare formulations.
Isopropyl Stearate,Exfoliant,1,1,Aging,Oily,A standard cosmetic exfoliant used in skincare formulations.
Polyglyceryl-3 Oat Protein,Humectant,1,0,All,Dry,A standard cosmetic humectant used in skincare formulations.
Butyl Ceramide AP,Emollient,0,0,Oily,Acne,A standard cosmetic emollient used in skincare formulations.
Polysorbate 20 Carbonate,Viscosity Controller,2,0,Oily,Dry,A standard cosmetic viscosity controller used in skincare formulations.
Potassium Ceramide AP,Viscosity Controller,0,1,Aging,Sensitive,A standard cosmetic viscosity controller used in skincare formulations.
Potassium Ceramide NP,Surfactant,1,5,Sensitive,Dry,A standard cosmetic surfactant used in skincare formulations.
Simmondsia Chinensis Juice,Soothing,0,0,Sensitive;Aging;Dry,None,Natural plant-derived soothing from Simmondsia Chinensis.
Cocoyl Carbonate,Emollient,2,0,Dry,Acne,A standard cosmetic emollient used in skincare formulations.
Polyglyceryl-3 Oleate,Humectant,2,0,Sensitive,Sensitive,A standard cosmetic humectant used in skincare formulations.
Methyl Carbonate,Thickener,1,0,Oily,Sensitive,A standard cosmetic thickener used in skincare formulations.
Polysorbate 80 Salicylate,Preservative,2,1,Oily,Oily,A standard cosmetic preservative used in skincare formulations.
Camellia Sinensis Fruit Extract,Emollient,0,0,Aging,None,Natural plant-derived emollient from Camellia Sinensis.
Sorbitan Panthenol,Emollient,5,1,Oily,Dry,A standard cosmetic emollient used in skincare formulations.
Isobutyl Ceramide EOP,Thickener,1,0,Oily,Dry,A standard cosmetic thickener used in skincare formulations.
Helianthus Annuus Ferment Filtrate,Antioxidant,0,0,Acne,None,Natural plant-derived antioxidant from Helianthus Annuus.
Mentha Piperita Root Extract,Humectant,0,0,Oily,None,Natural plant-derived humectant from Mentha Piperita.
Isopropyl Palmitate,Thickener,2,1,Acne,Sensitive,A standard cosmetic thickener used in skincare formulations.
Rosa Damascena Water,Antioxidant,0,0,All,None,Natural plant-derived antioxidant from Rosa Damascena.
Potassium Panthenol,Antioxidant,0,1,Acne,Oily,A standard cosmetic antioxidant used in skincare formulations.
PPG-10 Salicylate,Emulsifier,0,0,Sensitive,Sensitive,A standard cosmetic emulsifier used in skincare formulations.
Glycine Soja Seed Extract,Soothing,0,0,Sensitive;Aging;Dry,None,Natural plant-derived soothing from Glycine Soja.
Zinc Ceramide AP,Chelating,2,1,Dry,Sensitive,A standard cosmetic chelating used in skincare formulations.
Aloe Barbadensis Seed Extract,Soothing,0,0,Sensitive;Aging;Dry,None,Natural plant-derived soothing from Aloe Barbadensis.
Persea Gratissima Wax,Emollient,0,0,All,None,Natural plant-derived emollient from Persea Gratissima.
PPG-10 Ceramide NP,Antioxidant,0,1,Oily,Dry,A standard cosmetic antioxidant used in skincare formulations.
Propyl Sulfate,Preservative,2,3,All,Sensitive,A standard cosmetic preservative used in skincare formulations.
Isobutyl Gluconate,Solvent,0,0,Aging,None,A standard cosmetic solvent used in skincare formulations.
Glyceryl Soy Protein,Preservative,1,3,All,Acne,A standard cosmetic preservative used in skincare formulations.
Glycyrrhiza Glabra Flower Extract,Humectant,0,0,Oily,None,Natural plant-derived humectant from Glycyrrhiza Glabra.
Hydrogenated Keratin,Humectant,2,1,All,Dry,A standard cosmetic humectant used in skincare formulations.
PEG-100 Linoleate,Chelating,1,1,Aging,Oily,A standard cosmetic chelating used in skincare formulations.
PEG-100 Benzoate,Emollient,3,1,All,Sensitive,A standard cosmetic emollient used in skincare formulations.
Magnesium Sorbate,Exfoliant,0,2,Sensitive,Oily,A standard cosmetic exfoliant used in skincare formulations.
Capric Wheat Protein,Buffering,0,0,Sensitive,Sensitive,A standard cosmetic buffering used in skincare formulations.
PPG-10 Copolymer,Preservative,1,3,Sensitive,Oily,A standard cosmetic preservative used in skincare formulations.
Eucalyptus Globulus Seed Extract,Antioxidant,0,0,Aging,None,Natural plant-derived antioxidant from Eucalyptus Globulus.
Zinc Dioxide,Antioxidant,2,0,Aging,None,A standard cosmetic antioxidant used in skincare formulations.
Citrus Limon Fruit Extract,Antioxidant,0,0,Sensitive,None,Natural plant-derived antioxidant from Citrus Limon.
Oryza Sativa Root Extract,Emollient,0,0,Dry,None,Natural plant-derived emollient from Oryza Sativa.
Calendula Officinalis Oil,Humectant,4,0,All,None,Natural plant-derived humectant from Calendula Officinalis.
PEG-8 Stearate,Humectant,1,1,Dry,Sensitive,A standard cosmetic humectant used in skincare formulations.
Oryza Sativa Butter,Antioxidant,4,0,Acne,None,Natural plant-derived antioxidant from Oryza Sativa.
Titanium Oxide,Viscosity Controller,2,0,Dry,None,A standard cosmetic viscosity controller used in skincare formulations.
Caprylic Citrate,Chelating,0,0,Aging,None,A standard cosmetic chelating used in skincare formulations.
Myristyl Oleate,Chelating,2,1,Aging,Oily,A standard cosmetic chelating used in skincare formulations.
Sorbitan Soy Protein,Preservative,0,0,Acne,Sensitive,A standard cosmetic preservative used in skincare formulations.
Lauryl Acetate,Astringent,2,0,Aging,None,A standard cosmetic astringent used in skincare formulations.
Macadamia Ternifolia Seed Extract,Antioxidant,0,0,Sensitive,None,Natural plant-derived antioxidant from Macadamia Ternifolia.
Acetylated Niacinamide,Antioxidant,1,0,All,Acne,A standard cosmetic antioxidant used in skincare formulations.
Myristoyl Oxide,Preservative,1,1,Dry,Dry,A standard cosmetic preservative used in skincare formulations.
Glyceryl Hyaluronate,Astringent,2,0,Acne,Dry,A standard cosmetic astringent used in skincare formulations.
Palmitoyl Niacinamide,Buffering,0,1,Dry,None,A standard cosmetic buffering used in skincare formulations.
Ethyl Ceramide EOP,Emulsifier,0,1,Oily,Sensitive,A standard cosmetic emulsifier used in skincare formulations.
Lauroyl Copolymer,Antioxidant,2,1,Sensitive,Oily,A standard cosmetic antioxidant used in skincare formulations.
PEG-20 Oat Protein,Buffering,1,1,Aging,Oily,A standard cosmetic buffering used in skincare formulations.
PEG-8 Collagen,Preservative,0,1,Dry,Acne,A standard cosmetic preservative used in skincare formulations.
PPG-10 Collagen,Preservative,2,0,Sensitive,None,A standard cosmetic preservative used in skincare formulations.
Cocamidopropyl Palmitate,Viscosity Controller,1,0,Aging,Acne,A standard cosmetic viscosity controller used in skincare formulations.
Lavandula Angustifolia Juice,Antioxidant,0,0,Acne,None,Natural plant-derived antioxidant from Lavandula Angustifolia.
Calcium Salicylate,Thickener,2,1,All,Sensitive,A standard cosmetic thickener used in skincare formulations.
Glyceryl Benzoate,Humectant,1,0,Acne,Dry,A standard cosmetic humectant used in skincare formulations.
Polysorbate 20 Ceramide AP,Humectant,2,1,Sensitive,Sensitive,A standard cosmetic humectant used in skincare formulations.
Capric Ceramide EOP,Antioxidant,2,1,Dry,None,A standard cosmetic antioxidant used in skincare formulations.
Isopropyl Myristate,Surfactant,1,2,Oily,Oily,A standard cosmetic surfactant used in skincare formulations.
Prunus Amygdalus Dulcis Essential Oil,Emollient,2,3,Oily,Sensitive,Natural plant-derived emollient from Prunus Amygdalus Dulcis.
Triticum Vulgare Wax,Soothing,0,0,Sensitive;Aging;Dry,None,Natural plant-derived soothing from Triticum Vulgare.
Olea Europaea Ferment Filtrate,Humectant,0,0,All,None,Natural plant-derived humectant from Olea Europaea.
Sorbitan Collagen,Soothing,2,0,Aging,Dry,A standard cosmetic soothing used in skincare formulations.
Cetyl Silk,Emulsifier,1,0,Dry,Oily,A standard cosmetic emulsifier used in skincare formulations.
Stearyl Oat Protein,Soothing,1,0,All,Sensitive,A standard cosmetic soothing used in skincare formulations.
Methyl Crosspolymer,Exfoliant,0,5,All,Acne,A standard cosmetic exfoliant used in skincare formulations.
Ginkgo Biloba Root Extract,Antioxidant,0,0,Oily,None,Natural plant-derived antioxidant from Ginkgo Biloba.
Cocamidopropyl Phosphate,Preservative,0,1,Sensitive,None,A standard cosmetic preservative used in skincare formulations.
PPG-10 Hydroxide,Chelating,0,0,Sensitive,None,A standard cosmetic chelating used in skincare formulations.
Punica Granatum Root Extract,Soothing,0,0,Sensitive;Aging;Dry,None,Natural plant-derived soothing from Punica Granatum.
Glyceryl Dioxide,Chelating,0,0,Oily,Acne,A standard cosmetic chelating used in skincare formulations.
Caprylic Crosspolymer,Solvent,2,0,Sensitive,Dry,A standard cosmetic solvent used in skincare formulations.
Butyl Niacinamide,Astringent,0,0,All,None,A standard cosmetic astringent used in skincare formulations.
PEG-100 Gluconate,Humectant,0,1,Oily,None,A standard cosmetic humectant used in skincare formulations.
PEG-8 Keratin,Emollient,2,0,Dry,Oily,A standard cosmetic emollient used in skincare formulations.
Ginkgo Biloba Bark Extract,Emollient,0,0,Dry,None,Natural plant-derived emollient from Ginkgo Biloba.
PEG-40 Panthenol,Humectant,1,0,Acne,Dry,A standard cosmetic humectant used in skincare formulations.
Isopropyl Sorbate,Emulsifier,2,0,Dry,Sensitive,A standard cosmetic emulsifier used in skincare formulations.
Sorbitan Retinol,Humectant,1,1,Aging,Dry,A standard cosmetic humectant used in skincare formulations.
Avena Sativa Ferment Filtrate,Antioxidant,0,0,Sensitive,None,Natural plant-derived antioxidant from Avena Sativa.
Acetylated Phosphate,Thickener,4,1,Oily,Sensitive,A standard cosmetic thickener used in skincare formulations.
Camellia Sinensis Bark Extract,Humectant,0,0,Acne,None,Natural plant-derived humectant from Camellia Sinensis.
Ethyl Collagen,Exfoliant,1,0,All,None,A standard cosmetic exfoliant used in skincare formulations.
Copper Retinol,Viscosity Controller,2,1,Acne,Oily,A standard cosmetic viscosity controller used in skincare formulations.
Polyglyceryl-3 Retinol,Astringent,2,1,Acne,Sensitive,A standard cosmetic astringent used in skincare formulations.
PEG-100 Myristate,Buffering,2,1,Aging,Dry,A standard cosmetic buffering used in skincare formulations.
Macadamia Ternifolia Root Extract,Soothing,0,0,Sensitive;Aging;Dry,None,Natural plant-derived soothing from Macadamia Ternifolia.
Propyl Oxide,Emulsifier,2,0,Oily,Oily,A standard cosmetic emulsifier used in skincare formulations.
Punica Granatum Fruit Extract,Humectant,0,0,Sensitive,None,Natural plant-derived humectant from Punica Granatum.
Rosmarinus Officinalis Juice,Humectant,0,0,Sensitive,None,Natural plant-derived humectant from Rosmarinus Officinalis.
Polysorbate 60 Myristate,Solvent,0,1,Aging,Sensitive,A standard cosmetic solvent used in skincare formulations.
PEG-20 Silk,Surfactant,2,4,Sensitive,Sensitive,A standard cosmetic surfactant used in skincare formulations.
Lauroyl Citrate,Exfoliant,2,3,All,Oily,A standard cosmetic exfoliant used in skincare formulations.
Cocos Nucifera Extract,Soothing,0,0,Sensitive;Aging;Dry,None,Natural plant-derived soothing from Cocos Nucifera.
PEG-100 Hydroxide,Emollient,0,0,Aging,Dry,A standard cosmetic emollient used in skincare formulations.
Camellia Sinensis Leaf Extract,Emollient,0,0,All,None,Natural plant-derived emollient from Camellia Sinensis.
Palmitoyl Salicylate,Surfactant,2,5,All,Acne,A standard cosmetic surfactant used in skincare formulations.
Myristyl Collagen,Emollient,3,1,Acne,Acne,A standard cosmetic emollient used in skincare formulations.
Magnesium Ascorbate,Antioxidant,2,1,Dry,None,A standard cosmetic antioxidant used in skincare formulations.
Magnesium Retinol,Viscosity Controller,1,0,Aging,Acne,A standard cosmetic viscosity controller used in skincare formulations.
Oryza Sativa Seed Extract,Emollient,0,0,All,None,Natural plant-derived emollient from Oryza Sativa.
Caprylic Panthenol,Viscosity Controller,0,0,All,Oily,A standard cosmetic viscosity controller used in skincare formulations.
PEG-20 Carbonate,Preservative,0,0,Acne,Dry,A standard cosmetic preservative used in skincare formulations.
Copper Sorbate,Chelating,1,1,Oily,None,A standard cosmetic chelating used in skincare formulations.
Myristoyl Acetate,Surfactant,0,0,Aging,None,A standard cosmetic surfactant used in skincare formulations.
Myristoyl Copolymer,Solvent,2,1,All,Acne,A standard cosmetic solvent used in skincare formulations.
Triticum Vulgare Butter,Emollient,4,0,Sensitive,None,Natural plant-derived emollient from Triticum Vulgare.
Titanium Ceramide EOP,Solvent,0,0,Dry,Sensitive,A standard cosmetic solvent used in skincare formulations.
PEG-40 Citrate,Astringent,1,0,Dry,Oily,A standard cosmetic astringent used in skincare formulations.
Sorbitan Keratin,Thickener,1,1,Aging,Oily,A standard cosmetic thickener used in skincare formulations.
Calcium Crosspolymer,Emollient,1,0,Acne,Acne,A standard cosmetic emollient used in skincare formulations.
Propyl Panthenol,Chelating,1,0,Sensitive,Dry,A standard cosmetic chelating used in skincare formulations.
Iron Ceramide NP,Surfactant,1,1,Oily,None,A standard cosmetic surfactant used in skincare formulations.
Propyl Oat Protein,Soothing,0,0,Aging,None,A standard cosmetic soothing used in skincare formulations.
Butyrospermum Parkii Root Extract,Humectant,0,0,All,None,Natural plant-derived humectant from Butyrospermum Parkii.
Polysorbate 60 Retinol,Exfoliant,2,2,All,Sensitive,A standard cosmetic exfoliant used in skincare formulations.
Cetearyl Oat Protein,Solvent,2,1,Sensitive,Sensitive,A standard cosmetic solvent used in skincare formulations.
Aluminum Acetate,Surfactant,2,0,Acne,Acne,A standard cosmetic surfactant used in skincare formulations.
Zinc Panthenol,Thickener,3,0,Sensitive,Sensitive,A standard cosmetic thickener used in skincare formulations.
PEG-40 Ascorbate,Surfactant,0,0,Oily,Oily,A standard cosmetic surfactant used in skincare formulations.
Myristyl Keratin,Exfoliant,2,3,Sensitive,Sensitive,A standard cosmetic exfoliant used in skincare formulations.
Ethyl Oxide,Emulsifier,1,1,Oily,Sensitive,A standard cosmetic emulsifier used in skincare formulations.
Lauryl Copolymer,Antioxidant,1,0,Acne,Acne,A standard cosmetic antioxidant used in skincare formulations.
Iron Benzoate,Chelating,2,0,Oily,None,A standard cosmetic chelating used in skincare formulations.
Helianthus Annuus Lysate,Humectant,0,0,Dry,None,Natural plant-derived humectant from Helianthus Annuus.
PEG-40 Silk,Astringent,0,0,Aging,Oily,A standard cosmetic astringent used in skincare formulations.
Cetearyl Keratin,Surfactant,2,4,Oily,Dry,A standard cosmetic surfactant used in skincare formulations.
Glycyrrhiza Glabra Water,Soothing,0,0,Sensitive;Aging;Dry,None,Natural plant-derived soothing from Glycyrrhiza Glabra.
Titanium Palmitate,Solvent,2,0,Dry,Oily,A standard cosmetic solvent used in skincare formulations.
Cetyl Salicylate,Preservative,2,1,All,Sensitive,A standard cosmetic preservative used in skincare formulations.
Myristyl Stearate,Buffering,0,0,Acne,Sensitive,A standard cosmetic buffering used in skincare formulations.
Potassium Hydroxide,Thickener,2,0,Oily,Dry,A standard cosmetic thickener used in skincare formulations.
Helianthus Annuus Juice,Emollient,0,0,Oily,None,Natural plant-derived emollient from Helianthus Annuus.
Cetearyl Dioxide,Solvent,0,0,Aging,Sensitive,A standard cosmetic solvent used in skincare formulations.
Butyl Hyaluronate,Thickener,1,0,Sensitive,None,A standard cosmetic thickener used in skincare formulations.
Rosa Damascena Wax,Emollient,0,0,Aging,None,Natural plant-derived emollient from Rosa Damascena.
Behenyl Sorbate,Astringent,1,1,Acne,None,A standard cosmetic astringent used in skincare formulations.
Sodium Keratin,Thickener,3,0,Sensitive,Oily,A standard cosmetic thickener used in skincare formulations.
Methyl Citrate,Astringent,2,1,Aging,Sensitive,A standard cosmetic astringent used in skincare formulations.
Myristoyl Palmitate,Humectant,1,0,Sensitive,None,A standard cosmetic humectant used in skincare formulations.
PEG-40 Salicylate,Exfoliant,0,0,All,Sensitive,A standard cosmetic exfoliant used in skincare formulations.
Persea Gratissima Oil,Emollient,3,0,Aging,None,Natural plant-derived emollient from Persea Gratissima.
PEG-20 Ascorbate,Chelating,2,0,All,Dry,A standard cosmetic chelating used in skincare formulations.
Lauryl Sulfate,Thickener,1,0,Acne,Acne,A standard cosmetic thickener used in skincare formulations.
Isobutyl Niacinamide,Surfactant,2,5,Dry,Oily,A standard cosmetic surfactant used in skincare formulations.
Glycine Soja Lysate,Humectant,0,0,All,None,Natural plant-derived humectant from Glycine Soja.
Avena Sativa Essential Oil,Soothing,1,1,Sensitive;Aging;Dry,Sensitive,Natural plant-derived soothing from Avena Sativa.
Capric Lactate,Exfoliant,2,5,Oily,Dry,A standard cosmetic exfoliant used in skincare formulations.
Eucalyptus Globulus Flower Extract,Antioxidant,0,0,Sensitive,None,Natural plant-derived antioxidant from Eucalyptus Globulus.
Polyglyceryl-3 Palmitate,Surfactant,1,5,Acne,Sensitive,A standard cosmetic surfactant used in skincare formulations.
Iron Gluconate,Preservative,1,0,Sensitive,Oily,A standard cosmetic preservative used in skincare formulations.
Behenyl Carbonate,Exfoliant,0,1,Acne,Dry,A standard cosmetic exfoliant used in skincare formulations.
Methyl Peptide,Chelating,0,0,Sensitive,Acne,A standard cosmetic chelating used in skincare formulations.
Aloe Barbadensis Bark Extract,Antioxidant,0,0,Oily,None,Natural plant-derived antioxidant from Aloe Barbadensis.
Polyglyceryl-3 Elastin,Thickener,0,0,Aging,Dry,A standard cosmetic thickener used in skincare formulations.
Camellia Sinensis Juice,Soothing,0,0,Sensitive;Aging;Dry,None,Natural plant-derived soothing from Camellia Sinensis.
Stearyl Lactate,Solvent,0,1,Sensitive,None,A standard cosmetic solvent used in skincare formulations.
Sorbitan Stearate,Viscosity Controller,2,1,Acne,Acne,A standard cosmetic viscosity controller used in skincare formulations.
PPG-10 Laurate,Surfactant,2,2,All,Sensitive,A standard cosmetic surfactant used in skincare formulations.
Melaleuca Alternifolia Juice,Emollient,0,0,Dry,None,Natural plant-derived emollient from Melaleuca Alternifolia.
Iron Panthenol,Solvent,0,0,Sensitive,Acne,A standard cosmetic solvent used in skincare formulations.
Zea Mays Lysate,Soothing,0,0,Sensitive;Aging;Dry,None,Natural plant-derived soothing from Zea Mays.
Ethyl Lactate,Preservative,0,1,Dry,None,A standard cosmetic preservative used in skincare formulations.
Sorbitan Crosspolymer,Thickener,1,1,Sensitive,Acne,A standard cosmetic thickener used in skincare formulations.
Macadamia Ternifolia Flower Extract,Soothing,0,0,Sensitive;Aging;Dry,None,Natural plant-derived soothing from Macadamia Ternifolia.
Hydrogenated Oleate,Soothing,1,1,Acne,Oily,A standard cosmetic soothing used in skincare formulations.
PPG-10 Gluconate,Preservative,0,5,Sensitive,Dry,A standard cosmetic preservative used in skincare formulations.
Butyl Benzoate,Solvent,0,1,Acne,None,A standard cosmetic solvent used in skincare formulations.
Palmitoyl Stearate,Surfactant,0,4,Oily,Acne,A standard cosmetic surfactant used in skincare formulations.
PPG-15 Lactate,Surfactant,1,2,Oily,Acne,A standard cosmetic surfactant used in skincare formulations.
Isobutyl Ceramide AP,Emulsifier,0,1,Aging,Dry,A standard cosmetic emulsifier used in skincare formulations.
Ethyl Sorbate,Emollient,2,1,All,Dry,A standard cosmetic emollient used in skincare formulations.
Calendula Officinalis Callus Culture Extract,Antioxidant,0,0,Aging,None,Natural plant-derived antioxidant from Calendula Officinalis.
Potassium Crosspolymer,Thickener,1,1,All,Oily,A standard cosmetic thickener used in skincare formulations.
PEG-40 Hydroxide,Viscosity Controller,2,1,Aging,None,A standard cosmetic viscosity controller used in skincare formulations.
Zinc Niacinamide,Exfoliant,0,5,Aging,Oily,A standard cosmetic exfoliant used in skincare formulations.
Myristoyl Sulfate,Emollient,4,0,Dry,Oily,A standard cosmetic emollient used in skincare formulations.
Propyl Tocopherol,Exfoliant,1,1,Sensitive,None,A standard cosmetic exfoliant used in skincare formulations.
Lauroyl Silk,Astringent,2,1,Dry,None,A standard cosmetic astringent used in skincare formulations.
Copper Salicylate,Antioxidant,1,0,Aging,Sensitive,A standard cosmetic antioxidant used in skincare formulations.
Lauroyl Niacinamide,Preservative,2,5,Oily,Oily,A standard cosmetic preservative used in skincare formulations.
Cetyl Myristate,Humectant,0,0,Sensitive,Dry,A standard cosmetic humectant used in skincare formulations.
Citrus Aurantium Dulcis Leaf Extract,Humectant,0,0,All,None,Natural plant-derived humectant from Citrus Aurantium Dulcis.
Simmondsia Chinensis Flower Extract,Soothing,0,0,Sensitive;Aging;Dry,None,Natural plant-derived soothing from Simmondsia Chinensis.
Stearyl Hyaluronate,Humectant,2,1,Acne,Oily,A standard cosmetic humectant used in skincare formulations.
Oryza Sativa Fruit Extract,Soothing,0,0,Sensitive;Aging;Dry,None,Natural plant-derived soothing from Oryza Sativa.
Calendula Officinalis Lysate,Antioxidant,0,0,Sensitive,None,Natural plant-derived antioxidant from Calendula Officinalis.
Isopropyl Oxide,Preservative,0,2,Aging,Dry,A standard cosmetic preservative used in skincare formulations.
Titanium Wheat Protein,Emollient,1,1,All,Acne,A standard cosmetic emollient used in skincare formulations.
Capric Ceramide AP,Chelating,0,1,Acne,Acne,A standard cosmetic chelating used in skincare formulations.
Isobutyl Panthenol,Chelating,1,0,Sensitive,Sensitive,A standard cosmetic chelating used in skincare formulations.
Sodium Wheat Protein,Astringent,2,0,Dry,None,A standard cosmetic astringent used in skincare formulations.
Helianthus Annuus Wax,Antioxidant,0,0,Acne,None,Natural plant-derived antioxidant from Helianthus Annuus.
Hydrogenated Citrate,Exfoliant,0,3,Dry,Oily,A standard cosmetic exfoliant used in skincare formulations.
Cocoyl Soy Protein,Emollient,3,1,All,Sensitive,A standard cosmetic emollient used in skincare formulations.
Methyl Hydroxide,Emulsifier,1,0,Oily,Sensitive,A standard cosmetic emulsifier used in skincare formulations.
Glycine Soja Leaf Extract,Humectant,0,0,All,None,Natural plant-derived humectant from Glycine Soja.
Isobutyl Ascorbate,Solvent,2,1,Aging,Oily,A standard cosmetic solvent used in skincare formulations.
Cetearyl Niacinamide,Viscosity Controller,1,1,Acne,Oily,A standard cosmetic viscosity controller used in skincare formulations.
Potassium Collagen,Astringent,2,1,Sensitive,Oily,A standard cosmetic astringent used in skincare formulations.
Cetearyl Laurate,Emulsifier,1,0,Dry,Oily,A standard cosmetic emulsifier used in skincare formulations.
Zinc Oleate,Emollient,2,1,Dry,None,A standard cosmetic emollient used in skincare formulations.
Persea Gratissima Callus Culture Extract,Antioxidant,0,0,Oily,None,Natural plant-derived antioxidant from Persea Gratissima.
Cocamidopropyl Retinol,Humectant,1,1,Sensitive,Acne,A standard cosmetic humectant used in skincare formulations.
Myristoyl Lactate,Buffering,2,1,Sensitive,Sensitive,A standard cosmetic buffering used in skincare formulations.
Acetylated Gluconate,Emollient,5,0,Aging,None,A standard cosmetic emollient used in skincare formulations.
Magnesium Benzoate,Emollient,4,1,Acne,Oily,A standard cosmetic emollient used in skincare formulations.
Polysorbate 20 Citrate,Soothing,0,0,All,Acne,A standard cosmetic soothing used in skincare formulations.
Myristyl Wheat Protein,Emollient,4,1,All,Acne,A standard cosmetic emollient used in skincare formulations.
Capric Hyaluronate,Exfoliant,2,2,Oily,Acne,A standard cosmetic exfoliant used in skincare formulations.
Stearyl Elastin,Humectant,2,1,All,Oily,A standard cosmetic humectant used in skincare formulations.
Lauryl Benzoate,Viscosity Controller,0,0,Dry,None,A standard cosmetic viscosity controller used in skincare formulations.
Polysorbate 20 Hydroxide,Thickener,2,1,Oily,None,A standard cosmetic thickener used in skincare formulations.
Lauroyl Oat Protein,Viscosity Controller,2,0,Sensitive,Oily,A standard cosmetic viscosity controller used in skincare formulations.
Hydrolyzed Chloride,Viscosity Controller,0,0,Acne,Sensitive,A standard cosmetic viscosity controller used in skincare formulations.
Lauryl Laurate,Antioxidant,2,0,Sensitive,Dry,A standard cosmetic antioxidant used in skincare formulations.
PPG-10 Sulfate,Viscosity Controller,2,1,Sensitive,Acne,A standard cosmetic viscosity controller used in skincare formulations.
Calcium Linoleate,Emollient,4,0,All,Oily,A standard cosmetic emollient used in skincare formulations.
Myristyl Salicylate,Buffering,2,0,Sensitive,Sensitive,A standard cosmetic buffering used in skincare formulations.
PPG-15 Linoleate,Humectant,1,0,All,Acne,A standard cosmetic humectant used in skincare formulations.
PEG-8 Wheat Protein,Emulsifier,0,1,All,Sensitive,A standard cosmetic emulsifier used in skincare formulations.
Myristoyl Keratin,Antioxidant,2,0,Oily,Oily,A standard cosmetic antioxidant used in skincare formulations.
Myristoyl Oat Protein,Buffering,1,1,All,Oily,A standard cosmetic buffering used in skincare formulations.
Hydrogenated Soy Protein,Emulsifier,1,1,Aging,Oily,A standard cosmetic emulsifier used in skincare formulations.
Polysorbate 80 Acetate,Preservative,0,3,Sensitive,Oily,A standard cosmetic preservative used in skincare formulations.
Zinc Carbonate,Viscosity Controller,0,1,Sensitive,Acne,A standard cosmetic viscosity controller used in skincare formulations.
Vitis Vinifera Oil,Emollient,4,0,Dry,None,Natural plant-derived emollient from Vitis Vinifera.
Myristyl Panthenol,Buffering,1,0,Acne,Acne,A standard cosmetic buffering used in skincare formulations.
Cocamidopropyl Dioxide,Chelating,2,0,Dry,Sensitive,A standard cosmetic chelating used in skincare formulations.
PEG-100 Citrate,Thickener,1,1,Dry,Sensitive,A standard cosmetic thickener used in skincare formulations.
Citrus Aurantium Dulcis Seed Extract,Soothing,0,0,Sensitive;Aging;Dry,None,Natural plant-derived soothing from Citrus Aurantium Dulcis.
Zinc Oxide,Soothing,2,0,Dry,Oily,A standard cosmetic soothing used in skincare formulations.
Cocamidopropyl Ceramide NP,Antioxidant,1,1,Oily,None,A standard cosmetic antioxidant used in skincare formulations.
Sorbitan Benzoate,Astringent,2,1,Dry,Acne,A standard cosmetic astringent used in skincare formulations.
Cocoyl Peptide,Surfactant,0,5,Aging,Oily,A standard cosmetic surfactant used in skincare formulations.
Copper Copolymer,Astringent,0,1,Oily,Acne,A standard cosmetic astringent used in skincare formulations.
Methyl Tocopherol,Astringent,0,0,Dry,Dry,A standard cosmetic astringent used in skincare formulations.
Calcium Silk,Buffering,2,0,Dry,Dry,A standard cosmetic buffering used in skincare formulations.
Cocoyl Linoleate,Astringent,2,1,Sensitive,Acne,A standard cosmetic astringent used in skincare formulations.
Cetyl Oat Protein,Solvent,1,0,Dry,Oily,A standard cosmetic solvent used in skincare formulations.
Copper Benzoate,Astringent,1,0,Oily,Dry,A standard cosmetic astringent used in skincare formulations.
Glycyrrhiza Glabra Essential Oil,Antioxidant,1,1,Oily,Sensitive,Natural plant-derived antioxidant from Glycyrrhiza Glabra.
Glycyrrhiza Glabra Butter,Antioxidant,2,0,Dry,None,Natural plant-derived antioxidant from Glycyrrhiza Glabra.
Stearyl Copolymer,Antioxidant,2,0,Oily,Dry,A standard cosmetic antioxidant used in skincare formulations.
Butyl Silk,Viscosity Controller,1,0,All,Acne,A standard cosmetic viscosity controller used in skincare formulations.
Polysorbate 20 Sulfate,Viscosity Controller,0,0,Acne,Sensitive,A standard cosmetic viscosity controller used in skincare formulations.
Isopropyl Niacinamide,Buffering,0,0,Dry,Sensitive,A standard cosmetic buffering used in skincare formulations.
Cetyl Gluconate,Buffering,0,1,All,Dry,A standard cosmetic buffering used in skincare formulations.
Argania Spinosa Callus Culture Extract,Soothing,0,0,Sensitive;Aging;Dry,None,Natural plant-derived soothing from Argania Spinosa.
Polysorbate 80 Crosspolymer,Thickener,3,1,Oily,Acne,A standard cosmetic thickener used in skincare formulations.
Calcium Panthenol,Humectant,1,0,Dry,Acne,A standard cosmetic humectant used in skincare formulations.
Caprylic Carbonate,Astringent,0,1,All,None,A standard cosmetic astringent used in skincare formulations.
Capric Copolymer,Humectant,1,0,Sensitive,Dry,A standard cosmetic humectant used in skincare formulations.
Hydrolyzed Wheat Protein,Chelating,2,0,Acne,Dry,A standard cosmetic chelating used in skincare formulations.
Rosmarinus Officinalis Water,Antioxidant,0,0,Dry,None,Natural plant-derived antioxidant from Rosmarinus Officinalis.
PPG-10 Lactate,Soothing,2,1,Oily,Acne,A standard cosmetic soothing used in skincare formulations.
Magnesium Gluconate,Buffering,0,0,Oily,Sensitive,A standard cosmetic buffering used in skincare formulations.
Polyglyceryl-3 Peptide,Chelating,1,0,All,Sensitive,A standard cosmetic chelating used in skincare formulations.
Hydrogenated Silk,Preservative,0,4,Acne,Acne,A standard cosmetic preservative used in skincare formulations.
Citrus Aurantium Dulcis Ferment Filtrate,Soothing,0,0,Sensitive;Aging;Dry,None,Natural plant-derived soothing from Citrus Aurantium Dulcis.
PPG-15 Sorbate,Emulsifier,1,1,All,Dry,A standard cosmetic emulsifier used in skincare formulations.
Glyceryl Oxide,Viscosity Controller,0,0,Acne,Acne,A standard cosmetic viscosity controller used in skincare formulations.
PEG-100 Palmitate,Surfactant,2,4,Sensitive,None,A standard cosmetic surfactant used in skincare formulations.
Eucalyptus Globulus Fruit Extract,Soothing,0,0,Sensitive;Aging;Dry,None,Natural plant-derived soothing from Eucalyptus Globulus.
Aloe Barbadensis Lysate,Soothing,0,0,Sensitive;Aging;Dry,None,Natural plant-derived soothing from Aloe Barbadensis.
Zinc Elastin,Astringent,0,0,All,None,A standard cosmetic astringent used in skincare formulations.
Helianthus Annuus Water,Soothing,0,0,Sensitive;Aging;Dry,None,Natural plant-derived soothing from Helianthus Annuus.
Cocoyl Collagen,Surfactant,0,2,Oily,Sensitive,A standard cosmetic surfactant used in skincare formulations.
Hydrolyzed Hyaluronate,Preservative,0,2,Dry,None,A standard cosmetic preservative used in skincare formulations.
Palmitoyl Benzoate,Buffering,0,1,Acne,Sensitive,A standard cosmetic buffering used in skincare formulations.
Citrus Aurantium Dulcis Essential Oil,Emollient,3,2,All,Sensitive,Natural plant-derived emollient from Citrus Aurantium Dulcis.
Isopropyl Tocopherol,Chelating,2,0,Dry,Dry,A standard cosmetic chelating used in skincare formulations.
Zinc Hydroxide,Astringent,1,1,All,Sensitive,A standard cosmetic astringent used in skincare formulations.
Oryza Sativa Water,Soothing,0,0,Sensitive;Aging;Dry,None,Natural plant-derived soothing from Oryza Sativa.
Zinc Peptide,Antioxidant,0,1,Oily,Acne,A standard cosmetic antioxidant used in skincare formulations.
Lauroyl Crosspolymer,Antioxidant,1,1,Dry,Dry,A standard cosmetic antioxidant used in skincare formulations.
PEG-8 Sorbate,Surfactant,1,0,Sensitive,Dry,A standard cosmetic surfactant used in skincare formulations.
Macadamia Ternifolia Ferment Filtrate,Emollient,0,0,Aging,None,Natural plant-derived emollient from Macadamia Ternifolia.
Iron Hydroxide,Preservative,2,1,Acne,Acne,A standard cosmetic preservative used in skincare formulations.
Cocoyl Acetate,Astringent,2,0,Aging,Acne,A standard cosmetic astringent used in skincare formulations.
Polysorbate 20 Soy Protein,Emulsifier,1,0,Dry,Oily,A standard cosmetic emulsifier used in skincare formulations.
Rubus Idaeus Flower Extract,Emollient,0,0,Dry,None,Natural plant-derived emollient from Rubus Idaeus.
Ethyl Salicylate,Buffering,0,0,Oily,Oily,A standard cosmetic buffering used in skincare formulations.
Cocoyl Lactate,Humectant,2,1,Dry,Acne,A standard cosmetic humectant used in skincare formulations.
PEG-8 Acetate,Preservative,0,1,Oily,Sensitive,A standard cosmetic preservative used in skincare formulations.
Sorbitan Copolymer,Preservative,2,4,Oily,Acne,A standard cosmetic preservative used in skincare formulations.
Copper Keratin,Exfoliant,1,1,Acne,Sensitive,A standard cosmetic exfoliant used in skincare formulations.
PPG-15 Oxide,Astringent,0,1,Aging,Oily,A standard cosmetic astringent used in skincare formulations.
Propyl Benzoate,Solvent,2,0,Sensitive,Oily,A standard cosmetic solvent used in skincare formulations.
Propyl Ceramide EOP,Surfactant,2,4,Aging,Sensitive,A standard cosmetic surfactant used in skincare formulations.
Propyl Niacinamide,Soothing,2,0,Sensitive,Acne,A standard cosmetic soothing used in skincare formulations.
Camellia Sinensis Extract,Emollient,0,0,All,None,Natural plant-derived emollient from Camellia Sinensis.
Citrus Aurantium Dulcis Juice,Emollient,0,0,Acne,None,Natural plant-derived emollient from Citrus Aurantium Dulcis.
Cocoyl Oxide,Antioxidant,1,0,Oily,Oily,A standard cosmetic antioxidant used in skincare formulations.
Caprylic Tocopherol,Preservative,0,3,Sensitive,Oily,A standard cosmetic preservative used in skincare formulations.
Citrus Limon Wax,Emollient,0,0,Acne,None,Natural plant-derived emollient from Citrus Limon.
Polysorbate 20 Oleate,Viscosity Controller,0,0,Acne,Acne,A standard cosmetic viscosity controller used in skincare formulations.
Citrus Aurantium Dulcis Oil,Emollient,2,0,Sensitive,None,Natural plant-derived emollient from Citrus Aurantium Dulcis.
Polysorbate 20 Niacinamide,Antioxidant,0,1,Acne,Acne,A standard cosmetic antioxidant used in skincare formulations.
PEG-8 Oxide,Surfactant,2,1,Oily,Sensitive,A standard cosmetic surfactant used in skincare formulations.
PEG-8 Carbonate,Exfoliant,2,5,All,Sensitive,A standard cosmetic exfoliant used in skincare formulations.
Butyl Panthenol,Thickener,2,1,Aging,Sensitive,A standard cosmetic thickener used in skincare formulations.
Eucalyptus Globulus Ferment Filtrate,Humectant,0,0,Dry,None,Natural plant-derived humectant from Eucalyptus Globulus.
Hydrolyzed Dioxide,Exfoliant,0,0,Acne,Dry,A standard cosmetic exfoliant used in skincare formulations.
Titanium Sorbate,Viscosity Controller,1,0,Dry,Dry,A standard cosmetic viscosity controller used in skincare formulations.
Persea Gratissima Essential Oil,Soothing,4,1,Sensitive;Aging;Dry,Sensitive,Natural plant-derived soothing from Persea Gratissima.
Centella Asiatica Leaf Extract,Antioxidant,0,0,Sensitive,None,Natural plant-derived antioxidant from Centella Asiatica.
Oryza Sativa Leaf Extract,Antioxidant,0,0,Oily,None,Natural plant-derived antioxidant from Oryza Sativa.
Avena Sativa Juice,Emollient,0,0,Dry,None,Natural plant-derived emollient from Avena Sativa.
Glyceryl Crosspolymer,Antioxidant,1,1,Dry,Sensitive,A standard cosmetic antioxidant used in skincare formulations.
Copper Panthenol,Antioxidant,2,1,Sensitive,Oily,A standard cosmetic antioxidant used in skincare formulations.
Myristyl Phosphate,Antioxidant,2,1,Dry,Dry,A standard cosmetic antioxidant used in skincare formulations.
Calcium Copolymer,Viscosity Controller,0,1,Aging,Sensitive,A standard cosmetic viscosity controller used in skincare formulations.
Oryza Sativa Callus Culture Extract,Soothing,0,0,Sensitive;Aging;Dry,None,Natural plant-derived soothing from Oryza Sativa.
Glycyrrhiza Glabra Extract,Emollient,0,0,Acne,None,Natural plant-derived emollient from Glycyrrhiza Glabra.
Titanium Oat Protein,Exfoliant,1,4,Dry,Sensitive,A standard cosmetic exfoliant used in skincare formulations.
Prunus Amygdalus Dulcis Juice,Emollient,0,0,Dry,None,Natural plant-derived emollient from Prunus Amygdalus Dulcis.
Aluminum Elastin,Emulsifier,0,0,Aging,Sensitive,A standard cosmetic emulsifier used in skincare formulations.
Ethyl Chloride,Emulsifier,2,1,Oily,Sensitive,A standard cosmetic emulsifier used in skincare formulations.
Centella Asiatica Water,Humectant,0,0,Acne,None,Natural plant-derived humectant from Centella Asiatica.
Propyl Sorbate,Antioxidant,0,0,Sensitive,Oily,A standard cosmetic antioxidant used in skincare formulations.
Eucalyptus Globulus Callus Culture Extract,Antioxidant,0,0,Acne,None,Natural plant-derived antioxidant from Eucalyptus Globulus.
PPG-15 Retinol,Preservative,2,3,Sensitive,None,A standard cosmetic preservative used in skincare formulations.
Calcium Palmitate,Soothing,0,1,Oily,Oily,A standard cosmetic soothing used in skincare formulations.
Persea Gratissima Lysate,Antioxidant,0,0,Sensitive,None,Natural plant-derived antioxidant from Persea Gratissima.
Palmitoyl Linoleate,Emollient,5,1,All,Sensitive,A standard cosmetic emollient used in skincare formulations.
Myristyl Ceramide EOP,Buffering,1,0,Oily,Oily,A standard cosmetic buffering used in skincare formulations.
PPG-15 Salicylate,Chelating,1,1,Oily,Oily,A standard cosmetic chelating used in skincare formulations.
Myristoyl Oleate,Surfactant,0,0,Acne,Acne,A standard cosmetic surfactant used in skincare formulations.
Panax Ginseng Extract,Emollient,0,0,Acne,None,Natural plant-derived emollient from Panax Ginseng.
Isopropyl Dioxide,Viscosity Controller,1,1,All,Sensitive,A standard cosmetic viscosity controller used in skincare formulations.
Capric Salicylate,Chelating,2,0,All,None,A standard cosmetic chelating used in skincare formulations.
PEG-100 Wheat Protein,Surfactant,1,4,All,Acne,A standard cosmetic surfactant used in skincare formulations.
Olea Europaea Leaf Extract,Humectant,0,0,Sensitive,None,Natural plant-derived humectant from Olea Europaea.
Titanium Dioxide,Humectant,1,0,Sensitive,Dry,A standard cosmetic humectant used in skincare formulations.
Sorbitan Linoleate,Buffering,2,1,Aging,Sensitive,A standard cosmetic buffering used in skincare formulations.
Ginkgo Biloba Essential Oil,Emollient,1,1,Sensitive,Sensitive,Natural plant-derived emollient from Ginkgo Biloba.
Capric Palmitate,Chelating,0,0,Dry,Oily,A standard cosmetic chelating used in skincare formulations.
Prunus Amygdalus Dulcis Butter,Emollient,3,0,All,None,Natural plant-derived emollient from Prunus Amygdalus Dulcis.
Potassium Acetate,Preservative,1,5,Sensitive,Dry,A standard cosmetic preservative used in skincare formulations.
Propyl Collagen,Surfactant,0,4,Aging,Dry,A standard cosmetic surfactant used in skincare formulations.
Lauroyl Sulfate,Preservative,0,4,Oily,Acne,A standard cosmetic preservative used in skincare formulations.
Olea Europaea Callus Culture Extract,Humectant,0,0,Acne,None,Natural plant-derived humectant from Olea Europaea.
Punica Granatum Leaf Extract,Humectant,0,0,Acne,None,Natural plant-derived humectant from Punica Granatum.
Hydrolyzed Keratin,Preservative,1,3,Aging,Dry,A standard cosmetic preservative used in skincare formulations.
Methyl Ceramide EOP,Astringent,2,1,Sensitive,Acne,A standard cosmetic astringent used in skincare formulations.
Eucalyptus Globulus Wax,Humectant,0,0,Aging,None,Natural plant-derived humectant from Eucalyptus Globulus.
Stearyl Tocopherol,Surfactant,2,1,Sensitive,Oily,A standard cosmetic surfactant used in skincare formulations.
Helianthus Annuus Butter,Emollient,3,0,All,None,Natural plant-derived emollient from Helianthus Annuus.
Isobutyl Copolymer,Solvent,1,1,Sensitive,Acne,A standard cosmetic solvent used in skincare formulations.
Polysorbate 20 Palmitate,Astringent,2,0,Sensitive,Acne,A standard cosmetic astringent used in skincare formulations.
Iron Tocopherol,Viscosity Controller,1,1,Aging,None,A standard cosmetic viscosity controller used in skincare formulations.
Hydrolyzed Palmitate,Emulsifier,1,1,Dry,Oily,A standard cosmetic emulsifier used in skincare formulations.
Morus Alba Water,Humectant,0,0,Acne,None,Natural plant-derived humectant from Morus Alba.
Vitis Vinifera Seed Extract,Humectant,0,0,Oily,None,Natural plant-derived humectant from Vitis Vinifera.
Cetyl Soy Protein,Exfoliant,2,2,Sensitive,Oily,A standard cosmetic exfoliant used in skincare formulations.
Lauryl Palmitate,Chelating,2,0,Acne,None,A standard cosmetic chelating used in skincare formulations.
Capric Hydroxide,Humectant,0,1,Sensitive,Dry,A standard cosmetic humectant used in skincare formulations.
Aloe Barbadensis Juice,Emollient,0,0,Sensitive,None,Natural plant-derived emollient from Aloe Barbadensis.
PEG-100 Oxide,Soothing,0,1,All,Oily,A standard cosmetic soothing used in skincare formulations.
Rosmarinus Officinalis Fruit Extract,Soothing,0,0,Sensitive;Aging;Dry,None,Natural plant-derived soothing from Rosmarinus Officinalis.
Rosa Damascena Extract,Emollient,0,0,Aging,None,Natural plant-derived emollient from Rosa Damascena.
Simmondsia Chinensis Seed Extract,Antioxidant,0,0,Sensitive,None,Natural plant-derived antioxidant from Simmondsia Chinensis.
Hydrogenated Ceramide NP,Astringent,0,0,All,None,A standard cosmetic astringent used in skincare formulations.
PEG-40 Oxide,Antioxidant,1,1,Aging,Acne,A standard cosmetic antioxidant used in skincare formulations.
Calcium Chloride,Preservative,1,5,Dry,Dry,A standard cosmetic preservative used in skincare formulations.
Hydrolyzed Carbonate,Buffering,2,1,Acne,Sensitive,A standard cosmetic buffering used in skincare formulations.
Stearyl Keratin,Surfactant,1,0,Sensitive,Acne,A standard cosmetic surfactant used in skincare formulations.
Potassium Dioxide,Surfactant,0,1,All,Dry,A standard cosmetic surfactant used in skincare formulations.
PEG-100 Ceramide EOP,Emollient,3,0,Aging,Sensitive,A standard cosmetic emollient used in skincare formulations.
PPG-15 Citrate,Solvent,2,0,Dry,Sensitive,A standard cosmetic solvent used in skincare formulations.
Melaleuca Alternifolia Ferment Filtrate,Soothing,0,0,Sensitive;Aging;Dry,None,Natural plant-derived soothing from Melaleuca Alternifolia.
Capric Ascorbate,Emulsifier,0,1,Aging,None,A standard cosmetic emulsifier used in skincare formulations.
Iron Collagen,Exfoliant,2,3,Sensitive,Sensitive,A standard cosmetic exfoliant used in skincare formulations.
Citrus Limon Ferment Filtrate,Emollient,0,0,Acne,None,Natural plant-derived emollient from Citrus Limon.
Sorbitan Myristate,Viscosity Controller,1,1,Acne,None,A standard cosmetic viscosity controller used in skincare formulations.
Cocamidopropyl Peptide,Antioxidant,0,0,Oily,None,A standard cosmetic antioxidant used in skincare formulations.
Stearyl Niacinamide,Exfoliant,0,1,Acne,None,A standard cosmetic exfoliant used in skincare formulations.
Titanium Soy Protein,Thickener,2,0,Sensitive,Oily,A standard cosmetic thickener used in skincare formulations.
Polysorbate 80 Wheat Protein,Exfoliant,0,2,Oily,Acne,A standard cosmetic exfoliant used in skincare formulations.
Lavandula Angustifolia Wax,Soothing,0,0,Sensitive;Aging;Dry,None,Natural plant-derived soothing from Lavandula Angustifolia.
Glyceryl Ceramide AP,Solvent,1,0,Dry,Dry,A standard cosmetic solvent used in skincare formulations.
Isopropyl Collagen,Surfactant,0,0,Aging,Dry,A standard cosmetic surfactant used in skincare formulations.
Cocos Nucifera Oil,Soothing,3,0,Sensitive;Aging;Dry,None,Natural plant-derived soothing from Cocos Nucifera.
Iron Linoleate,Emollient,2,0,All,None,A standard cosmetic emollient used in skincare formulations.
Methyl Panthenol,Emollient,5,0,Acne,Oily,A standard cosmetic emollient used in skincare formulations.
Myristyl Niacinamide,Humectant,2,1,Oily,Oily,A standard cosmetic humectant used in skincare formulations.
Methyl Ceramide AP,Viscosity Controller,2,0,Sensitive,Oily,A standard cosmetic viscosity controller used in skincare formulations.
Macadamia Ternifolia Callus Culture Extract,Humectant,0,0,Dry,None,Natural plant-derived humectant from Macadamia Ternifolia.
Butyrospermum Parkii Bark Extract,Soothing,0,0,Sensitive;Aging;Dry,None,Natural plant-derived soothing from Butyrospermum Parkii.
Copper Phosphate,Humectant,1,1,Sensitive,Acne,A standard cosmetic humectant used in skincare formulations.
PPG-10 Retinol,Humectant,0,1,Dry,Acne,A standard cosmetic humectant used in skincare formulations.
Isopropyl Peptide,Soothing,0,1,Dry,Acne,A standard cosmetic soothing used in skincare formulations.
Zinc Lactate,Exfoliant,1,0,All,None,A standard cosmetic exfoliant used in skincare formulations.
Stearyl Carbonate,Humectant,2,0,Dry,Dry,A standard cosmetic humectant used in skincare formulations.
Glyceryl Linoleate,Buffering,2,0,All,Oily,A standard cosmetic buffering used in skincare formulations.
PEG-40 Soy Protein,Antioxidant,0,1,Sensitive,Acne,A standard cosmetic antioxidant used in skincare formulations.
Potassium Citrate,Humectant,0,0,Aging,None,A standard cosmetic humectant used in skincare formulations.
Cocoyl Dioxide,Soothing,2,1,All,Acne,A standard cosmetic soothing used in skincare formulations.
Cetyl Palmitate,Humectant,0,0,Dry,Acne,A standard cosmetic humectant used in skincare formulations.
Triticum Vulgare Callus Culture Extract,Emollient,0,0,Dry,None,Natural plant-derived emollient from Triticum Vulgare.
Panax Ginseng Butter,Soothing,4,0,Sensitive;Aging;Dry,None,Natural plant-derived soothing from Panax Ginseng.
Punica Granatum Lysate,Antioxidant,0,0,Acne,None,Natural plant-derived antioxidant from Punica Granatum.
Methyl Palmitate,Solvent,1,0,Dry,Oily,A standard cosmetic solvent used in skincare formulations.
Iron Laurate,Surfactant,2,0,Oily,Dry,A standard cosmetic surfactant used in skincare formulations.
PEG-20 Gluconate,Antioxidant,1,1,Dry,Acne,A standard cosmetic antioxidant used in skincare formulations.
Hydrogenated Retinol,Preservative,1,5,Oily,Dry,A standard cosmetic preservative used in skincare formulations.
PEG-100 Oleate,Antioxidant,2,1,Acne,None,A standard cosmetic antioxidant used in skincare formulations.
Iron Sulfate,Exfoliant,2,3,Acne,Oily,A standard cosmetic exfoliant used in skincare formulations.
Lauroyl Palmitate,Buffering,0,1,All,Dry,A standard cosmetic buffering used in skincare formulations.
Capric Carbonate,Emollient,3,0,Acne,None,A standard cosmetic emollient used in skincare formulations.
Propyl Peptide,Humectant,0,1,Dry,Dry,A standard cosmetic humectant used in skincare formulations.
Magnesium Ceramide AP,Buffering,2,1,Acne,Sensitive,A standard cosmetic buffering used in skincare formulations.
Hydrogenated Lactate,Preservative,0,4,Oily,Acne,A standard cosmetic preservative used in skincare formulations.
Cocamidopropyl Soy Protein,Surfactant,1,5,Sensitive,Sensitive,A standard cosmetic surfactant used in skincare formulations.
Hydrolyzed Sulfate,Surfactant,0,3,Sensitive,None,A standard cosmetic surfactant used in skincare formulations.
Rosa Damascena Leaf Extract,Humectant,0,0,Acne,None,Natural plant-derived humectant from Rosa Damascena.
Acetylated Dioxide,Emollient,1,1,Sensitive,None,A standard cosmetic emollient used in skincare formulations.
Iron Citrate,Solvent,1,0,Oily,Oily,A standard cosmetic solvent used in skincare formulations.
Ethyl Linoleate,Emulsifier,1,1,Dry,Acne,A standard cosmetic emulsifier used in skincare formulations.
Copper Palmitate,Preservative,1,0,Acne,Acne,A standard cosmetic preservative used in skincare formulations.
Methyl Soy Protein,Surfactant,1,3,Sensitive,Acne,A standard cosmetic surfactant used in skincare formulations.
Triticum Vulgare Bark Extract,Soothing,0,0,Sensitive;Aging;Dry,None,Natural plant-derived soothing from Triticum Vulgare.
Isopropyl Soy Protein,Solvent,1,0,Sensitive,Sensitive,A standard cosmetic solvent used in skincare formulations.
Caprylic Soy Protein,Humectant,1,1,Sensitive,Sensitive,A standard cosmetic humectant used in skincare formulations.
Aluminum Collagen,Thickener,3,0,Acne,Acne,A standard cosmetic thickener used in skincare formulations.
Ethyl Panthenol,Emulsifier,2,0,Oily,Acne,A standard cosmetic emulsifier used in skincare formulations.
Zinc Tocopherol,Thickener,1,1,Aging,Acne,A standard cosmetic thickener used in skincare formulations.
Hydrolyzed Citrate,Buffering,2,0,Sensitive,Acne,A standard cosmetic buffering used in skincare formulations.
Glyceryl Oleate,Chelating,1,0,All,Acne,A standard cosmetic chelating used in skincare formulations.
Isopropyl Gluconate,Emulsifier,0,1,Acne,Acne,A standard cosmetic emulsifier used in skincare formulations.
Cetyl Oxide,Humectant,1,1,Dry,Oily,A standard cosmetic humectant used in skincare formulations.
Triticum Vulgare Lysate,Humectant,0,0,Dry,None,Natural plant-derived humectant from Triticum Vulgare.
Lauryl Chloride,Humectant,1,1,Acne,Sensitive,A standard cosmetic humectant used in skincare formulations.
Polysorbate 20 Lactate,Humectant,1,0,Dry,Dry,A standard cosmetic humectant used in skincare formulations.
Ethyl Retinol,Chelating,2,0,Oily,Acne,A standard cosmetic chelating used in skincare formulations.
Calendula Officinalis Bark Extract,Emollient,0,0,Acne,None,Natural plant-derived emollient from Calendula Officinalis.
Propyl Ceramide NP,Humectant,1,0,All,Sensitive,A standard cosmetic humectant used in skincare formulations.
Behenyl Lactate,Buffering,0,0,Oily,Dry,A standard cosmetic buffering used in skincare formulations.
Ginkgo Biloba Lysate,Emollient,0,0,Dry,None,Natural plant-derived emollient from Ginkgo Biloba.
Butyl Salicylate,Soothing,0,1,Dry,Sensitive,A standard cosmetic soothing used in skincare formulations.
Sorbitan Peptide,Exfoliant,2,3,Dry,Oily,A standard cosmetic exfoliant used in skincare formulations.
PPG-10 Niacinamide,Surfactant,2,5,Acne,Acne,A standard cosmetic surfactant used in skincare formulations.
Zinc Salicylate,Astringent,0,1,Dry,Oily,A standard cosmetic astringent used in skincare formulations.
PEG-8 Crosspolymer,Preservative,2,5,Dry,None,A standard cosmetic preservative used in skincare formulations.
Ethyl Peptide,Exfoliant,2,1,Sensitive,Oily,A standard cosmetic exfoliant used in skincare formulations.
Olea Europaea Fruit Extract,Emollient,0,0,Oily,None,Natural plant-derived emollient from Olea Europaea.
Sodium Dioxide,Thickener,4,1,Sensitive,Sensitive,A standard cosmetic thickener used in skincare formulations.
Isobutyl Myristate,Buffering,0,0,Sensitive,Oily,A standard cosmetic buffering used in skincare formulations.
Oryza Sativa Oil,Emollient,3,0,Oily,None,Natural plant-derived emollient from Oryza Sativa.
Cetyl Hydroxide,Emulsifier,1,0,Acne,Acne,A standard cosmetic emulsifier used in skincare formulations.
Polysorbate 20 Gluconate,Solvent,2,0,Acne,Dry,A standard cosmetic solvent used in skincare formulations.
PEG-100 Chloride,Thickener,1,0,Sensitive,Dry,A standard cosmetic thickener used in skincare formulations.
PPG-15 Oat Protein,Chelating,1,1,Sensitive,Acne,A standard cosmetic chelating used in skincare formulations.
Camellia Sinensis Seed Extract,Humectant,0,0,Dry,None,Natural plant-derived humectant from Camellia Sinensis.
Persea Gratissima Butter,Humectant,3,0,Aging,None,Natural plant-derived humectant from Persea Gratissima.
Propyl Phosphate,Emollient,0,1,Aging,Sensitive,A standard cosmetic emollient used in skincare formulations.
Ethyl Hydroxide,Astringent,2,1,Sensitive,Oily,A standard cosmetic astringent used in skincare formulations.
Caprylic Wheat Protein,Exfoliant,0,4,Oily,Sensitive,A standard cosmetic exfoliant used in skincare formulations.
Polysorbate 60 Ceramide NP,Thickener,5,0,Aging,Acne,A standard cosmetic thickener used in skincare formulations.
PEG-100 Ceramide AP,Thickener,5,1,All,Oily,A standard cosmetic thickener used in skincare formulations.
Acetylated Ceramide NP,Surfactant,0,2,Oily,None,A standard cosmetic surfactant used in skincare formulations.
Centella Asiatica Seed Extract,Soothing,0,0,Sensitive;Aging;Dry,None,Natural plant-derived soothing from Centella Asiatica.
Polysorbate 20 Retinol,Buffering,2,1,Sensitive,Dry,A standard cosmetic buffering used in skincare formulations.
Argania Spinosa Ferment Filtrate,Humectant,0,0,Acne,None,Natural plant-derived humectant from Argania Spinosa.
Cetyl Retinol,Chelating,0,1,All,Acne,A standard cosmetic chelating used in skincare formulations.
PEG-40 Chloride,Astringent,2,0,Aging,Sensitive,A standard cosmetic astringent used in skincare formulations.
Rosa Damascena Callus Culture Extract,Emollient,0,0,Acne,None,Natural plant-derived emollient from Rosa Damascena.
Magnesium Panthenol,Antioxidant,0,0,Sensitive,Acne,A standard cosmetic antioxidant used in skincare formulations.
Polysorbate 20 Phosphate,Emollient,3,1,Sensitive,Dry,A standard cosmetic emollient used in skincare formulations.
Morus Alba Seed Extract,Humectant,0,0,Oily,None,Natural plant-derived humectant from Morus Alba.
Capric Retinol,Solvent,0,1,Dry,Oily,A standard cosmetic solvent used in skincare formulations.
Cetearyl Acetate,Buffering,2,1,All,Oily,A standard cosmetic buffering used in skincare formulations.
Polyglyceryl-3 Carbonate,Preservative,0,4,Oily,Acne,A standard cosmetic preservative used in skincare formulations.
Polysorbate 20 Hyaluronate,Exfoliant,2,4,Sensitive,Dry,A standard cosmetic exfoliant used in skincare formulations.
Capric Myristate,Astringent,2,0,Acne,Dry,A standard cosmetic astringent used in skincare formulations.
Polysorbate 80 Panthenol,Emollient,1,0,Sensitive,Oily,A standard cosmetic emollient used in skincare formulations.
Capric Tocopherol,Chelating,0,0,Acne,None,A standard cosmetic chelating used in skincare formulations.
Melaleuca Alternifolia Seed Extract,Humectant,0,0,Dry,None,Natural plant-derived humectant from Melaleuca Alternifolia.
Polysorbate 20 Sorbate,Emulsifier,1,1,Acne,Sensitive,A standard cosmetic emulsifier used in skincare formulations.
Isobutyl Phosphate,Preservative,0,3,All,Sensitive,A standard cosmetic preservative used in skincare formulations.
Cetyl Wheat Protein,Surfactant,1,1,Sensitive,Oily,A standard cosmetic surfactant used in skincare formulations.
Mentha Piperita Oil,Antioxidant,4,0,Acne,None,Natural plant-derived antioxidant from Mentha Piperita.
Lauryl Phosphate,Viscosity Controller,0,0,Acne,Acne,A standard cosmetic viscosity controller used in skincare formulations.
Behenyl Laurate,Viscosity Controller,2,0,All,Sensitive,A standard cosmetic viscosity controller used in skincare formulations.
Sodium Ascorbate,Preservative,1,0,Oily,None,A standard cosmetic preservative used in skincare formulations.
Cetearyl Ceramide EOP,Chelating,0,0,Aging,Oily,A standard cosmetic chelating used in skincare formulations.
Isobutyl Linoleate,Chelating,2,1,Dry,Sensitive,A standard cosmetic chelating used in skincare formulations.
Cetyl Oleate,Thickener,1,1,Sensitive,Dry,A standard cosmetic thickener used in skincare formulations.
Lauryl Retinol,Humectant,2,0,Dry,Dry,A standard cosmetic humectant used in skincare formulations.
Palmitoyl Peptide,Surfactant,2,1,Dry,Acne,A standard cosmetic surfactant used in skincare formulations.
Acetylated Carbonate,Astringent,2,0,Oily,Oily,A standard cosmetic astringent used in skincare formulations.
Polyglyceryl-3 Lactate,Antioxidant,2,0,Aging,Sensitive,A standard cosmetic antioxidant used in skincare formulations.
Calcium Gluconate,Thickener,5,1,All,Oily,A standard cosmetic thickener used in skincare formulations.
Polysorbate 20 Ascorbate,Chelating,2,0,Aging,Acne,A standard cosmetic chelating used in skincare formulations.
PPG-10 Myristate,Humectant,0,0,Sensitive,Sensitive,A standard cosmetic humectant used in skincare formulations.
Glycine Soja Water,Antioxidant,0,0,All,None,Natural plant-derived antioxidant from Glycine Soja.
Stearyl Oxide,Emulsifier,0,1,All,None,A standard cosmetic emulsifier used in skincare formulations.
Titanium Ascorbate,Antioxidant,1,1,Acne,None,A standard cosmetic antioxidant used in skincare formulations.
Cocos Nucifera Butter,Emollient,4,0,All,None,Natural plant-derived emollient from Cocos Nucifera.
Rubus Idaeus Leaf Extract,Humectant,0,0,Aging,None,Natural plant-derived humectant from Rubus Idaeus.
Cetyl Ceramide NP,Exfoliant,0,3,Sensitive,Oily,A standard cosmetic exfoliant used in skincare formulations.
Polyglyceryl-3 Ceramide EOP,Soothing,1,1,Acne,Oily,A standard cosmetic soothing used in skincare formulations.
Aloe Barbadensis Oil,Emollient,1,0,Sensitive,None,Natural plant-derived emollient from Aloe Barbadensis.
Ethyl Keratin,Soothing,2,1,All,Acne,A standard cosmetic soothing used in skincare formulations.
Hydrolyzed Ceramide EOP,Preservative,2,1,Dry,None,A standard cosmetic preservative used in skincare formulations.
Butyl Laurate,Viscosity Controller,2,0,Oily,Oily,A standard cosmetic viscosity controller used in skincare formulations.
Macadamia Ternifolia Fruit Extract,Emollient,0,0,Aging,None,Natural plant-derived emollient from Macadamia Ternifolia.
Mentha Piperita Callus Culture Extract,Antioxidant,0,0,Dry,None,Natural plant-derived antioxidant from Mentha Piperita.
Ethyl Carbonate,Humectant,2,1,Acne,Dry,A standard cosmetic humectant used in skincare formulations.
Prunus Amygdalus Dulcis Seed Extract,Antioxidant,0,0,Oily,None,Natural plant-derived antioxidant from Prunus Amygdalus Dulcis.
Ethyl Crosspolymer,Soothing,0,1,All,Sensitive,A standard cosmetic soothing used in skincare formulations.
Lauryl Lactate,Preservative,1,1,Sensitive,None,A standard cosmetic preservative used in skincare formulations.
Lauryl Hydroxide,Preservative,2,1,Sensitive,Dry,A standard cosmetic preservative used in skincare formulations.
Butyl Copolymer,Chelating,0,1,Aging,Oily,A standard cosmetic chelating used in skincare formulations.
Potassium Oxide,Astringent,0,1,Sensitive,Sensitive,A standard cosmetic astringent used in skincare formulations.
Cetearyl Hyaluronate,Soothing,1,0,Acne,Acne,A standard cosmetic soothing used in skincare formulations.
Palmitoyl Copolymer,Chelating,1,1,Oily,Acne,A standard cosmetic chelating used in skincare formulations.
Propyl Stearate,Solvent,0,1,Oily,Dry,A standard cosmetic solvent used in skincare formulations.
Caprylic Oat Protein,Viscosity Controller,1,0,All,Oily,A standard cosmetic viscosity controller used in skincare formulations.
Isobutyl Dioxide,Emulsifier,1,1,Dry,Oily,A standard cosmetic emulsifier used in skincare formulations.
Myristoyl Retinol,Emulsifier,1,0,Oily,Oily,A standard cosmetic emulsifier used in skincare formulations.
Polysorbate 20 Collagen,Exfoliant,1,0,All,Oily,A standard cosmetic exfoliant used in skincare formulations.
Lavandula Angustifolia Leaf Extract,Humectant,0,0,Sensitive,None,Natural plant-derived humectant from Lavandula Angustifolia.
PEG-100 Laurate,Humectant,0,1,Acne,Acne,A standard cosmetic humectant used in skincare formulations.
Myristyl Sorbate,Solvent,2,1,Oily,None,A standard cosmetic solvent used in skincare formulations.
Rosmarinus Officinalis Essential Oil,Soothing,2,1,Sensitive;Aging;Dry,Sensitive,Natural plant-derived soothing from Rosmarinus Officinalis.
Glycine Soja Ferment Filtrate,Antioxidant,0,0,Acne,None,Natural plant-derived antioxidant from Glycine Soja.
PEG-8 Benzoate,Solvent,1,1,Aging,Oily,A standard cosmetic solvent used in skincare formulations.
Sodium Retinol,Humectant,1,1,Aging,Sensitive,A standard cosmetic humectant used in skincare formulations.
Butyl Acetate,Thickener,1,1,Aging,Sensitive,A standard cosmetic thickener used in skincare formulations.
Simmondsia Chinensis Oil,Emollient,3,0,Dry,None,Natural plant-derived emollient from Simmondsia Chinensis.
PEG-100 Crosspolymer,Exfoliant,2,1,Oily,Acne,A standard cosmetic exfoliant used in skincare formulations.
Zinc Collagen,Exfoliant,1,3,Acne,None,A standard cosmetic exfoliant used in skincare formulations.
Rubus Idaeus Essential Oil,Soothing,1,1,Sensitive;Aging;Dry,Sensitive,Natural plant-derived soothing from Rubus Idaeus.
Ginkgo Biloba Wax,Antioxidant,0,0,Aging,None,Natural plant-derived antioxidant from Ginkgo Biloba.
Rubus Idaeus Bark Extract,Humectant,0,0,Oily,None,Natural plant-derived humectant from Rubus Idaeus.
Lavandula Angustifolia Water,Emollient,0,0,Dry,None,Natural plant-derived emollient from Lavandula Angustifolia.
Polysorbate 60 Gluconate,Emollient,4,1,All,Sensitive,A standard cosmetic emollient used in skincare formulations.
Cetyl Panthenol,Preservative,2,3,Oily,Acne,A standard cosmetic preservative used in skincare formulations.
Cocoyl Oat Protein,Soothing,1,1,Sensitive,Oily,A standard cosmetic soothing used in skincare formulations.
PEG-40 Elastin,Emollient,3,1,Acne,Acne,A standard cosmetic emollient used in skincare formulations.
PPG-15 Soy Protein,Antioxidant,1,1,All,Acne,A standard cosmetic antioxidant used in skincare formulations.
PEG-8 Ascorbate,Emulsifier,2,1,Oily,Sensitive,A standard cosmetic emulsifier used in skincare formulations.
Calendula Officinalis Seed Extract,Emollient,0,0,Sensitive,None,Natural plant-derived emollient from Calendula Officinalis.
Isopropyl Carbonate,Soothing,2,1,Aging,Acne,A standard cosmetic soothing used in skincare formulations.
Isopropyl Retinol,Humectant,1,1,Acne,None,A standard cosmetic humectant used in skincare formulations.
Persea Gratissima Flower Extract,Antioxidant,0,0,Acne,None,Natural plant-derived antioxidant from Persea Gratissima.
Avena Sativa Seed Extract,Emollient,0,0,Acne,None,Natural plant-derived emollient from Avena Sativa.
Butyl Ascorbate,Buffering,2,1,Dry,Acne,A standard cosmetic buffering used in skincare formulations.
Capric Linoleate,Viscosity Controller,1,1,Acne,Sensitive,A standard cosmetic viscosity controller used in skincare formulations.
Rosmarinus Officinalis Leaf Extract,Antioxidant,0,0,Oily,None,Natural plant-derived antioxidant from Rosmarinus Officinalis.
Glycine Soja Callus Culture Extract,Humectant,0,0,Acne,None,Natural plant-derived humectant from Glycine Soja.
Magnesium Soy Protein,Surfactant,0,2,Oily,Acne,A standard cosmetic surfactant used in skincare formulations.
Butyl Dioxide,Soothing,0,0,Oily,None,A standard cosmetic soothing used in skincare formulations.
Sodium Oat Protein,Humectant,0,0,Oily,Acne,A standard cosmetic humectant used in skincare formulations.
Aluminum Ceramide EOP,Emulsifier,2,1,Aging,Sensitive,A standard cosmetic emulsifier used in skincare formulations.
PPG-15 Tocopherol,Humectant,2,0,All,Acne,A standard cosmetic humectant used in skincare formulations.
Cocos Nucifera Lysate,Emollient,0,0,Aging,None,Natural plant-derived emollient from Cocos Nucifera.
Palmitoyl Keratin,Emulsifier,0,0,Dry,Acne,A standard cosmetic emulsifier used in skincare formulations.
Caprylic Copolymer,Antioxidant,2,1,Aging,Acne,A standard cosmetic antioxidant used in skincare formulations.
PEG-40 Benzoate,Emulsifier,2,0,Acne,None,A standard cosmetic emulsifier used in skincare formulations.
Zea Mays Wax,Antioxidant,0,0,Oily,None,Natural plant-derived antioxidant from Zea Mays.
Calcium Soy Protein,Astringent,2,0,Sensitive,Sensitive,A standard cosmetic astringent used in skincare formulations.
Methyl Myristate,Antioxidant,1,1,Dry,Acne,A standard cosmetic antioxidant used in skincare formulations.
Calcium Citrate,Solvent,1,1,Aging,Acne,A standard cosmetic solvent used in skincare formulations.
Caprylic Laurate,Viscosity Controller,0,1,Oily,Acne,A standard cosmetic viscosity controller used in skincare formulations.
Behenyl Soy Protein,Humectant,2,1,Oily,Acne,A standard cosmetic humectant used in skincare formulations.
Cetyl Phosphate,Buffering,2,0,Oily,Sensitive,A standard cosmetic buffering used in skincare formulations.
Polysorbate 80 Oleate,Soothing,2,1,Sensitive,Dry,A standard cosmetic soothing used in skincare formulations.
Methyl Keratin,Antioxidant,2,1,Oily,None,A standard cosmetic antioxidant used in skincare formulations.
Eucalyptus Globulus Butter,Antioxidant,2,0,Dry,None,Natural plant-derived antioxidant from Eucalyptus Globulus.
Glycyrrhiza Glabra Oil,Humectant,4,0,Acne,None,Natural plant-derived humectant from Glycyrrhiza Glabra.
Panax Ginseng Leaf Extract,Humectant,0,0,Sensitive,None,Natural plant-derived humectant from Panax Ginseng.
Magnesium Silk,Preservative,2,3,Dry,Dry,A standard cosmetic preservative used in skincare formulations.
Behenyl Stearate,Emulsifier,2,1,Aging,Sensitive,A standard cosmetic emulsifier used in skincare formulations.
Cetyl Hyaluronate,Exfoliant,1,2,Dry,None,A standard cosmetic exfoliant used in skincare formulations.
Iron Stearate,Astringent,1,0,Oily,Acne,A standard cosmetic astringent used in skincare formulations.
Vitis Vinifera Flower Extract,Soothing,0,0,Sensitive;Aging;Dry,None,Natural plant-derived soothing from Vitis Vinifera.
Capric Collagen,Surfactant,1,5,All,Oily,A standard cosmetic surfactant used in skincare formulations.
PEG-40 Carbonate,Viscosity Controller,2,1,Aging,Oily,A standard cosmetic viscosity controller used in skincare formulations.
Zea Mays Root Extract,Emollient,0,0,Sensitive,None,Natural plant-derived emollient from Zea Mays.
Potassium Tocopherol,Viscosity Controller,1,0,Oily,Sensitive,A standard cosmetic viscosity controller used in skincare formulations.
Glyceryl Silk,Emulsifier,1,1,Aging,Dry,A standard cosmetic emulsifier used in skincare formulations.
Isopropyl Copolymer,Antioxidant,0,1,Oily,Dry,A standard cosmetic antioxidant used in skincare formulations.
Cetearyl Retinol,Buffering,1,0,Acne,None,A standard cosmetic buffering used in skincare formulations.
Potassium Linoleate,Emollient,5,0,Sensitive,Oily,A standard cosmetic emollient used in skincare formulations.
Olea Europaea Flower Extract,Soothing,0,0,Sensitive;Aging;Dry,None,Natural plant-derived soothing from Olea Europaea.
Zinc Wheat Protein,Soothing,0,1,All,Sensitive,A standard cosmetic soothing used in skincare formulations.
Potassium Oat Protein,Surfactant,1,0,Dry,Oily,A standard cosmetic surfactant used in skincare formulations.
Glycyrrhiza Glabra Lysate,Humectant,0,0,Aging,None,Natural plant-derived humectant from Glycyrrhiza Glabra.
Ethyl Gluconate,Emulsifier,0,1,Aging,Sensitive,A standard cosmetic emulsifier used in skincare formulations.
Copper Niacinamide,Soothing,0,1,All,Dry,A standard cosmetic soothing used in skincare formulations.
Polysorbate 60 Silk,Preservative,0,3,Aging,Acne,A standard cosmetic preservative used in skincare formulations.
Cocoyl Oleate,Exfoliant,0,2,Aging,Sensitive,A standard cosmetic exfoliant used in skincare formulations.
Titanium Citrate,Exfoliant,2,4,Acne,Dry,A standard cosmetic exfoliant used in skincare formulations.
PEG-40 Dioxide,Astringent,1,0,All,Sensitive,A standard cosmetic astringent used in skincare formulations.
PEG-20 Ceramide NP,Solvent,1,0,All,Oily,A standard cosmetic solvent used in skincare formulations.
Glycine Soja Flower Extract,Soothing,0,0,Sensitive;Aging;Dry,None,Natural plant-derived soothing from Glycine Soja.
Lauroyl Phosphate,Thickener,4,0,Aging,Acne,A standard cosmetic thickener used in skincare formulations.
Lauryl Hyaluronate,Emollient,5,1,Aging,Oily,A standard cosmetic emollient used in skincare formulations.
Stearyl Sorbate,Soothing,1,0,Sensitive,Oily,A standard cosmetic soothing used in skincare formulations.
Myristoyl Peptide,Buffering,1,0,All,Acne,A standard cosmetic buffering used in skincare formulations.
Aluminum Sulfate,Soothing,2,1,All,None,A standard cosmetic soothing used in skincare formulations.
Sodium Ceramide EOP,Antioxidant,0,1,All,Sensitive,A standard cosmetic antioxidant used in skincare formulations.
Aluminum Palmitate,Preservative,1,0,Acne,Dry,A standard cosmetic preservative used in skincare formulations.
Myristyl Gluconate,Chelating,2,0,Dry,Sensitive,A standard cosmetic chelating used in skincare formulations.
Caprylic Keratin,Emollient,0,0,Oily,Acne,A standard cosmetic emollient used in skincare formulations.
Polysorbate 60 Sulfate,Surfactant,0,0,Acne,Oily,A standard cosmetic surfactant used in skincare formulations.
Polyglyceryl-3 Silk,Buffering,1,1,Acne,Dry,A standard cosmetic buffering used in skincare formulations.
Copper Dioxide,Antioxidant,2,1,Aging,None,A standard cosmetic antioxidant used in skincare formulations.
Simmondsia Chinensis Callus Culture Extract,Emollient,0,0,Acne,None,Natural plant-derived emollient from Simmondsia Chinensis.
Hydrolyzed Silk,Viscosity Controller,0,0,Dry,Dry,A standard cosmetic viscosity controller used in skincare formulations.
Myristyl Lactate,Chelating,1,0,Oily,Oily,A standard cosmetic chelating used in skincare formulations.
Caprylic Oleate,Chelating,1,0,Sensitive,Oily,A standard cosmetic chelating used in skincare formulations.
Lauroyl Keratin,Buffering,1,0,Oily,Acne,A standard cosmetic buffering used in skincare formulations.
Aluminum Keratin,Emollient,2,0,All,Sensitive,A standard cosmetic emollient used in skincare formulations.
Rubus Idaeus Seed Extract,Antioxidant,0,0,Dry,None,Natural plant-derived antioxidant from Rubus Idaeus.
Olea Europaea Seed Extract,Humectant,0,0,Oily,None,Natural plant-derived humectant from Olea Europaea.
Capric Oat Protein,Surfactant,1,3,Aging,Oily,A standard cosmetic surfactant used in skincare formulations.
PEG-40 Peptide,Emollient,4,0,All,Dry,A standard cosmetic emollient used in skincare formulations.
Vitis Vinifera Extract,Soothing,0,0,Sensitive;Aging;Dry,None,Natural plant-derived soothing from Vitis Vinifera.
Calcium Retinol,Chelating,0,0,All,Dry,A standard cosmetic chelating used in skincare formulations.
Cetearyl Wheat Protein,Chelating,0,0,Sensitive,Dry,A standard cosmetic chelating used in skincare formulations.
Panax Ginseng Wax,Humectant,0,0,Acne,None,Natural plant-derived humectant from Panax Ginseng.
Myristyl Dioxide,Emollient,3,1,Oily,Dry,A standard cosmetic emollient used in skincare formulations.
PEG-20 Soy Protein,Viscosity Controller,1,0,Oily,None,A standard cosmetic viscosity controller used in skincare formulations.
Glycine Soja Juice,Soothing,0,0,Sensitive;Aging;Dry,None,Natural plant-derived soothing from Glycine Soja.
Rubus Idaeus Oil,Humectant,3,0,Dry,None,Natural plant-derived humectant from Rubus Idaeus.
Myristyl Elastin,Preservative,2,3,Sensitive,Acne,A standard cosmetic preservative used in skincare formulations.
Butyl Crosspolymer,Antioxidant,0,0,Aging,Acne,A standard cosmetic antioxidant used in skincare formulations.
PEG-20 Hydroxide,Exfoliant,1,3,Dry,Dry,A standard cosmetic exfoliant used in skincare formulations.
Iron Acetate,Thickener,0,0,Oily,None,A standard cosmetic thickener used in skincare formulations.
Argania Spinosa Wax,Emollient,0,0,Acne,None,Natural plant-derived emollient from Argania Spinosa.
Cocoyl Keratin,Buffering,1,0,Dry,None,A standard cosmetic buffering used in skincare formulations.
Behenyl Ascorbate,Thickener,0,1,All,Acne,A standard cosmetic thickener used in skincare formulations.
PEG-40 Gluconate,Viscosity Controller,0,0,Acne,Oily,A standard cosmetic viscosity controller used in skincare formulations.
Avena Sativa Flower Extract,Humectant,0,0,Acne,None,Natural plant-derived humectant from Avena Sativa.
Vitis Vinifera Fruit Extract,Emollient,0,0,Sensitive,None,Natural plant-derived emollient from Vitis Vinifera.
Cetearyl Chloride,Exfoliant,0,1,Aging,Dry,A standard cosmetic exfoliant used in skincare formulations.
Centella Asiatica Essential Oil,Soothing,3,2,Sensitive;Aging;Dry,Sensitive,Natural plant-derived soothing from Centella Asiatica.
Glycine Soja Bark Extract,Emollient,0,0,Oily,None,Natural plant-derived emollient from Glycine Soja.
Magnesium Niacinamide,Exfoliant,0,0,Dry,None,A standard cosmetic exfoliant used in skincare formulations.
Isobutyl Sorbate,Thickener,4,1,Aging,Dry,A standard cosmetic thickener used in skincare formulations.
Magnesium Acetate,Exfoliant,0,3,All,None,A standard cosmetic exfoliant used in skincare formulations.
Isopropyl Chloride,Thickener,1,1,Dry,None,A standard cosmetic thickener used in skincare formulations.
Lauryl Ceramide NP,Soothing,0,0,Aging,Sensitive,A standard cosmetic soothing used in skincare formulations.
Citrus Limon Flower Extract,Antioxidant,0,0,Sensitive,None,Natural plant-derived antioxidant from Citrus Limon.
Rubus Idaeus Juice,Humectant,0,0,Aging,None,Natural plant-derived humectant from Rubus Idaeus.
Aluminum Peptide,Humectant,1,0,Dry,Dry,A standard cosmetic humectant used in skincare formulations.
Acetylated Elastin,Emollient,5,1,Sensitive,Sensitive,A standard cosmetic emollient used in skincare formulations.
Glycyrrhiza Glabra Fruit Extract,Antioxidant,0,0,Acne,None,Natural plant-derived antioxidant from Glycyrrhiza Glabra.
Stearyl Peptide,Exfoliant,2,0,Acne,None,A standard cosmetic exfoliant used in skincare formulations.
Aluminum Oleate,Buffering,1,1,Aging,Dry,A standard cosmetic buffering used in skincare formulations.
PPG-15 Ceramide AP,Antioxidant,1,0,Aging,Dry,A standard cosmetic antioxidant used in skincare formulations.
Rosmarinus Officinalis Bark Extract,Emollient,0,0,Oily,None,Natural plant-derived emollient from Rosmarinus Officinalis.
Calcium Tocopherol,Humectant,2,1,Sensitive,Acne,A standard cosmetic humectant used in skincare formulations.
Vitis Vinifera Lysate,Soothing,0,0,Sensitive;Aging;Dry,None,Natural plant-derived soothing from Vitis Vinifera.
PEG-100 Oat Protein,Emulsifier,2,1,Oily,Acne,A standard cosmetic emulsifier used in skincare formulations.
Polysorbate 80 Ceramide AP,Emollient,0,0,All,Oily,A standard cosmetic emollient used in skincare formulations.
Ethyl Stearate,Buffering,2,1,Sensitive,Dry,A standard cosmetic buffering used in skincare formulations.
Butyrospermum Parkii Leaf Extract,Emollient,0,0,Aging,None,Natural plant-derived emollient from Butyrospermum Parkii.
Calendula Officinalis Flower Extract,Antioxidant,0,0,Dry,None,Natural plant-derived antioxidant from Calendula Officinalis.
Butyl Phosphate,Soothing,1,1,Oily,Dry,A standard cosmetic soothing used in skincare formulations.
Calcium Phosphate,Chelating,1,1,Aging,Oily,A standard cosmetic chelating used in skincare formulations.
Cocoyl Hydroxide,Emollient,5,1,Aging,Dry,A standard cosmetic emollient used in skincare formulations.
Butyl Gluconate,Surfactant,0,1,Oily,Dry,A standard cosmetic surfactant used in skincare formulations.
Palmitoyl Carbonate,Viscosity Controller,0,1,Sensitive,Sensitive,A standard cosmetic viscosity controller used in skincare formulations.
Magnesium Tocopherol,Antioxidant,0,0,All,Acne,A standard cosmetic antioxidant used in skincare formulations.
Panax Ginseng Essential Oil,Antioxidant,1,3,Acne,Sensitive,Natural plant-derived antioxidant from Panax Ginseng.
Helianthus Annuus Callus Culture Extract,Antioxidant,0,0,Acne,None,Natural plant-derived antioxidant from Helianthus Annuus.
Cetyl Linoleate,Thickener,5,0,Acne,Acne,A standard cosmetic thickener used in skincare formulations.
Simmondsia Chinensis Ferment Filtrate,Humectant,0,0,Aging,None,Natural plant-derived humectant from Simmondsia Chinensis.
Isopropyl Salicylate,Viscosity Controller,2,0,Sensitive,Sensitive,A standard cosmetic viscosity controller used in skincare formulations.
Isopropyl Sulfate,Emulsifier,1,1,Sensitive,Acne,A standard cosmetic emulsifier used in skincare formulations.
Butyl Soy Protein,Viscosity Controller,0,1,Sensitive,Sensitive,A standard cosmetic viscosity controller used in skincare formulations.
Isobutyl Keratin,Soothing,1,0,Acne,Acne,A standard cosmetic soothing used in skincare formulations.
Butyrospermum Parkii Oil,Antioxidant,2,0,Aging,None,Natural plant-derived antioxidant from Butyrospermum Parkii.
Lauroyl Carbonate,Soothing,1,0,Dry,None,A standard cosmetic soothing used in skincare formulations.
Olea Europaea Butter,Humectant,1,0,Sensitive,None,Natural plant-derived humectant from Olea Europaea.
Acetylated Benzoate,Astringent,0,0,Aging,Sensitive,A standard cosmetic astringent used in skincare formulations.
Magnesium Ceramide EOP,Viscosity Controller,2,1,Aging,Dry,A standard cosmetic viscosity controller used in skincare formulations.
Ethyl Ascorbate,Surfactant,2,0,Dry,Dry,A standard cosmetic surfactant used in skincare formulations.
Glyceryl Niacinamide,Viscosity Controller,0,0,Oily,Oily,A standard cosmetic viscosity controller used in skincare formulations.
Isopropyl Elastin,Humectant,2,0,Dry,Sensitive,A standard cosmetic humectant used in skincare formulations.
PEG-40 Tocopherol,Exfoliant,2,0,Dry,Acne,A standard cosmetic exfoliant used in skincare formulations.
Butyrospermum Parkii Essential Oil,Humectant,3,3,Oily,Sensitive,Natural plant-derived humectant from Butyrospermum Parkii.
Melaleuca Alternifolia Leaf Extract,Soothing,0,0,Sensitive;Aging;Dry,None,Natural plant-derived soothing from Melaleuca Alternifolia.
Cetearyl Phosphate,Preservative,1,5,Acne,None,A standard cosmetic preservative used in skincare formulations.
Capric Soy Protein,Surfactant,1,4,Oily,Dry,A standard cosmetic surfactant used in skincare formulations.
Propyl Citrate,Chelating,2,1,Acne,Oily,A standard cosmetic chelating used in skincare formulations.
Sodium Gluconate,Buffering,0,1,Sensitive,Sensitive,A standard cosmetic buffering used in skincare formulations.
Iron Wheat Protein,Chelating,2,0,Acne,Acne,A standard cosmetic chelating used in skincare formulations.
PEG-20 Wheat Protein,Chelating,0,0,Dry,Sensitive,A standard cosmetic chelating used in skincare formulations.
Chamomilla Recutita Water,Emollient,0,0,Dry,None,Natural plant-derived emollient from Chamomilla Recutita.
Isopropyl Crosspolymer,Buffering,2,0,Aging,Acne,A standard cosmetic buffering used in skincare formulations.
PEG-20 Sulfate,Viscosity Controller,1,1,Oily,Oily,A standard cosmetic viscosity controller used in skincare formulations.
Myristoyl Crosspolymer,Exfoliant,1,4,Oily,Dry,A standard cosmetic exfoliant used in skincare formulations.
Acetylated Stearate,Buffering,2,1,Aging,None,A standard cosmetic buffering used in skincare formulations.
Morus Alba Root Extract,Humectant,0,0,Oily,None,Natural plant-derived humectant from Morus Alba.
Palmitoyl Sorbate,Solvent,0,0,Acne,Acne,A standard cosmetic solvent used in skincare formulations.
PPG-15 Oleate,Solvent,2,1,All,Oily,A standard cosmetic solvent used in skincare formulations.
Rosmarinus Officinalis Extract,Soothing,0,0,Sensitive;Aging;Dry,None,Natural plant-derived soothing from Rosmarinus Officinalis.
Rosmarinus Officinalis Seed Extract,Humectant,0,0,All,None,Natural plant-derived humectant from Rosmarinus Officinalis.
Titanium Benzoate,Buffering,1,1,Oily,None,A standard cosmetic buffering used in skincare formulations.
Argania Spinosa Essential Oil,Humectant,4,2,Acne,Sensitive,Natural plant-derived humectant from Argania Spinosa.
Stearyl Palmitate,Humectant,2,1,Oily,Sensitive,A standard cosmetic humectant used in skincare formulations.
Iron Salicylate,Exfoliant,0,5,Sensitive,Dry,A standard cosmetic exfoliant used in skincare formulations.
Cocamidopropyl Tocopherol,Emollient,5,1,Dry,Dry,A standard cosmetic emollient used in skincare formulations.
Lauryl Soy Protein,Surfactant,0,3,Dry,Sensitive,A standard cosmetic surfactant used in skincare formulations.
Lavandula Angustifolia Lysate,Emollient,0,0,All,None,Natural plant-derived emollient from Lavandula Angustifolia.
Polysorbate 80 Chloride,Preservative,0,5,Aging,Sensitive,A standard cosmetic preservative used in skincare formulations.
Polysorbate 80 Hyaluronate,Exfoliant,1,3,All,Dry,A standard cosmetic exfoliant used in skincare formulations.
Lauryl Collagen,Surfactant,1,1,Acne,Acne,A standard cosmetic surfactant used in skincare formulations.
Palmitoyl Phosphate,Buffering,0,1,Aging,Oily,A standard cosmetic buffering used in skincare formulations.
Isobutyl Laurate,Surfactant,0,4,Aging,Dry,A standard cosmetic surfactant used in skincare formulations.
Capric Sulfate,Exfoliant,2,3,Aging,Dry,A standard cosmetic exfoliant used in skincare formulations.
Centella Asiatica Juice,Soothing,0,0,Sensitive;Aging;Dry,None,Natural plant-derived soothing from Centella Asiatica.
Hydrolyzed Linoleate,Astringent,2,1,Acne,Dry,A standard cosmetic astringent used in skincare formulations.
Glyceryl Ascorbate,Antioxidant,1,0,Aging,Dry,A standard cosmetic antioxidant used in skincare formulations.
Morus Alba Wax,Emollient,0,0,Sensitive,None,Natural plant-derived emollient from Morus Alba.
Isobutyl Retinol,Buffering,0,0,Sensitive,Oily,A standard cosmetic buffering used in skincare formulations.
Iron Hyaluronate,Antioxidant,0,0,Dry,Oily,A standard cosmetic antioxidant used in skincare formulations.
Calcium Sulfate,Preservative,0,5,Dry,Dry,A standard cosmetic preservative used in skincare formulations.
Cocamidopropyl Crosspolymer,Solvent,0,0,Dry,Sensitive,A standard cosmetic solvent used in skincare formulations.
Behenyl Gluconate,Viscosity Controller,0,0,Dry,Sensitive,A standard cosmetic viscosity controller used in skincare formulations.
Zinc Linoleate,Surfactant,2,5,Aging,Acne,A standard cosmetic surfactant used in skincare formulations.
Acetylated Sulfate,Thickener,2,0,Dry,None,A standard cosmetic thickener used in skincare formulations.
Acetylated Tocopherol,Astringent,0,0,Dry,None,A standard cosmetic astringent used in skincare formulations.
Calcium Hyaluronate,Preservative,1,3,All,Dry,A standard cosmetic preservative used in skincare formulations.
Sorbitan Acetate,Thickener,5,0,Aging,Dry,A standard cosmetic thickener used in skincare formulations.
Behenyl Chloride,Humectant,1,1,Acne,Acne,A standard cosmetic humectant used in skincare formulations.
Sodium Soy Protein,Viscosity Controller,2,0,Oily,None,A standard cosmetic viscosity controller used in skincare formulations.
Capric Sorbate,Preservative,2,2,Dry,None,A standard cosmetic preservative used in skincare formulations.
Isobutyl Hyaluronate,Soothing,2,1,Dry,None,A standard cosmetic soothing used in skincare formulations.
Myristoyl Salicylate,Solvent,2,0,Sensitive,Dry,A standard cosmetic solvent used in skincare formulations.
Polysorbate 80 Silk,Chelating,1,0,Oily,Sensitive,A standard cosmetic chelating used in skincare formulations.
Polyglyceryl-3 Keratin,Surfactant,2,2,Sensitive,Sensitive,A standard cosmetic surfactant used in skincare formulations.
Hydrogenated Phosphate,Surfactant,2,0,Oily,Oily,A standard cosmetic surfactant used in skincare formulations.
Citrus Aurantium Dulcis Fruit Extract,Emollient,0,0,Sensitive,None,Natural plant-derived emollient from Citrus Aurantium Dulcis.
Methyl Sorbate,Preservative,2,2,Oily,None,A standard cosmetic preservative used in skincare formulations.
Polyglyceryl-3 Ceramide AP,Chelating,2,1,All,Dry,A standard cosmetic chelating used in skincare formulations.
PPG-15 Laurate,Thickener,0,1,Dry,Sensitive,A standard cosmetic thickener used in skincare formulations.
Cetyl Acetate,Buffering,0,1,Sensitive,Dry,A standard cosmetic buffering used in skincare formulations.
Titanium Oleate,Solvent,2,1,Sensitive,Oily,A standard cosmetic solvent used in skincare formulations.
Titanium Peptide,Chelating,1,1,Dry,Oily,A standard cosmetic chelating used in skincare formulations.
Magnesium Collagen,Emulsifier,1,0,Sensitive,Sensitive,A standard cosmetic emulsifier used in skincare formulations.
Hydrolyzed Ceramide AP,Antioxidant,1,0,Sensitive,None,A standard cosmetic antioxidant used in skincare formulations.
Argania Spinosa Bark Extract,Soothing,0,0,Sensitive;Aging;Dry,None,Natural plant-derived soothing from Argania Spinosa.
Morus Alba Bark Extract,Emollient,0,0,Acne,None,Natural plant-derived emollient from Morus Alba.
Ethyl Palmitate,Solvent,0,1,Aging,Sensitive,A standard cosmetic solvent used in skincare formulations.
Methyl Acetate,Emulsifier,2,0,Aging,Dry,A standard cosmetic emulsifier used in skincare formulations.
Palmitoyl Hyaluronate,Buffering,2,0,All,Sensitive,A standard cosmetic buffering used in skincare formulations.
Polysorbate 60 Wheat Protein,Soothing,1,0,All,Dry,A standard cosmetic soothing used in skincare formulations.
Glyceryl Copolymer,Buffering,1,0,All,Dry,A standard cosmetic buffering used in skincare formulations.
PEG-20 Myristate,Emulsifier,0,0,Aging,None,A standard cosmetic emulsifier used in skincare formulations.
Glycyrrhiza Glabra Seed Extract,Humectant,0,0,Dry,None,Natural plant-derived humectant from Glycyrrhiza Glabra.
Caprylic Sulfate,Emollient,0,0,Dry,None,A standard cosmetic emollient used in skincare formulations.
Copper Oat Protein,Chelating,0,1,Aging,Sensitive,A standard cosmetic chelating used in skincare formulations.
Chamomilla Recutita Seed Extract,Humectant,0,0,Dry,None,Natural plant-derived humectant from Chamomilla Recutita.
Macadamia Ternifolia Water,Emollient,0,0,Oily,None,Natural plant-derived emollient from Macadamia Ternifolia.
Caprylic Acetate,Surfactant,1,2,Acne,Acne,A standard cosmetic surfactant used in skincare formulations.
Butyrospermum Parkii Butter,Humectant,1,0,Dry,None,Natural plant-derived humectant from Butyrospermum Parkii.
Polysorbate 20 Panthenol,Emulsifier,1,1,Acne,Sensitive,A standard cosmetic emulsifier used in skincare formulations.
Mentha Piperita Bark Extract,Antioxidant,0,0,Dry,None,Natural plant-derived antioxidant from Mentha Piperita.
Butyl Myristate,Preservative,2,1,Dry,None,A standard cosmetic preservative used in skincare formulations.
Potassium Ceramide EOP,Humectant,0,1,Aging,Sensitive,A standard cosmetic humectant used in skincare formulations.
Copper Hyaluronate,Soothing,0,0,Acne,Dry,A standard cosmetic soothing used in skincare formulations.
Panax Ginseng Root Extract,Emollient,0,0,Oily,None,Natural plant-derived emollient from Panax Ginseng.
Cetearyl Crosspolymer,Preservative,0,5,Dry,Oily,A standard cosmetic preservative used in skincare formulations.
Methyl Dioxide,Soothing,0,1,Acne,Oily,A standard cosmetic soothing used in skincare formulations.
Acetylated Copolymer,Preservative,0,0,All,Dry,A standard cosmetic preservative used in skincare formulations.
Calcium Ceramide AP,Soothing,0,0,All,Acne,A standard cosmetic soothing used in skincare formulations.
PEG-100 Stearate,Astringent,0,1,All,Acne,A standard cosmetic astringent used in skincare formulations.
Chamomilla Recutita Essential Oil,Humectant,4,3,Aging,Sensitive,Natural plant-derived humectant from Chamomilla Recutita.
Punica Granatum Bark Extract,Emollient,0,0,All,None,Natural plant-derived emollient from Punica Granatum.
Butyrospermum Parkii Flower Extract,Soothing,0,0,Sensitive;Aging;Dry,None,Natural plant-derived soothing from Butyrospermum Parkii.
PEG-8 Phosphate,Thickener,5,0,Sensitive,Acne,A standard cosmetic thickener used in skincare formulations.
Panax Ginseng Flower Extract,Soothing,0,0,Sensitive;Aging;Dry,None,Natural plant-derived soothing from Panax Ginseng.
Citrus Aurantium Dulcis Root Extract,Humectant,0,0,Acne,None,Natural plant-derived humectant from Citrus Aurantium Dulcis.
Capric Benzoate,Chelating,0,1,Aging,Dry,A standard cosmetic chelating used in skincare formulations.
Cocamidopropyl Copolymer,Emollient,2,0,Aging,Oily,A standard cosmetic emollient used in skincare formulations.
Myristoyl Ceramide AP,Buffering,2,0,Acne,None,A standard cosmetic buffering used in skincare formulations.
PEG-20 Keratin,Antioxidant,1,0,Aging,Dry,A standard cosmetic antioxidant used in skincare formulations.
Cetyl Ceramide EOP,Emollient,3,0,Sensitive,Sensitive,A standard cosmetic emollient used in skincare formulations.
Myristyl Soy Protein,Antioxidant,1,1,Dry,Sensitive,A standard cosmetic antioxidant used in skincare formulations.
Ethyl Laurate,Emulsifier,1,1,Dry,Sensitive,A standard cosmetic emulsifier used in skincare formulations.
Zinc Chloride,Surfactant,2,1,Oily,None,A standard cosmetic surfactant used in skincare formulations.
Stearyl Wheat Protein,Chelating,0,0,Sensitive,Sensitive,A standard cosmetic chelating used in skincare formulations.
Polysorbate 80 Myristate,Emollient,1,1,Dry,None,A standard cosmetic emollient used in skincare formulations.
Olea Europaea Water,Soothing,0,0,Sensitive;Aging;Dry,None,Natural plant-derived soothing from Olea Europaea.
Centella Asiatica Root Extract,Antioxidant,0,0,Oily,None,Natural plant-derived antioxidant from Centella Asiatica.
Caprylic Sorbate,Chelating,2,0,All,Acne,A standard cosmetic chelating used in skincare formulations.
Isobutyl Crosspolymer,Solvent,1,1,All,Sensitive,A standard cosmetic solvent used in skincare formulations.
Lavandula Angustifolia Oil,Humectant,3,0,Aging,None,Natural plant-derived humectant from Lavandula Angustifolia.
Cocamidopropyl Ceramide AP,Soothing,1,0,All,Oily,A standard cosmetic soothing used in skincare formulations.
Myristoyl Ascorbate,Antioxidant,0,0,Dry,Sensitive,A standard cosmetic antioxidant used in skincare formulations.
Polyglyceryl-3 Soy Protein,Exfoliant,2,0,All,None,A standard cosmetic exfoliant used in skincare formulations.
Iron Sorbate,Chelating,1,0,Aging,Dry,A standard cosmetic chelating used in skincare formulations.
Calcium Oleate,Soothing,2,0,Oily,Dry,A standard cosmetic soothing used in skincare formulations.
Cetearyl Panthenol,Antioxidant,0,1,Sensitive,Oily,A standard cosmetic antioxidant used in skincare formulations.
Cetyl Stearate,Antioxidant,2,1,Dry,Sensitive,A standard cosmetic antioxidant used in skincare formulations.
Oryza Sativa Ferment Filtrate,Emollient,0,0,Sensitive,None,Natural plant-derived emollient from Oryza Sativa.
Myristoyl Benzoate,Astringent,0,0,Oily,Acne,A standard cosmetic astringent used in skincare formulations.
Ethyl Sulfate,Buffering,2,1,Sensitive,None,A standard cosmetic buffering used in skincare formulations.
Caprylic Phosphate,Solvent,0,0,Sensitive,Sensitive,A standard cosmetic solvent used in skincare formulations.
Lauryl Elastin,Solvent,0,0,Acne,Acne,A standard cosmetic solvent used in skincare formulations.
Behenyl Ceramide AP,Exfoliant,2,2,Aging,Oily,A standard cosmetic exfoliant used in skincare formulations.
Lavandula Angustifolia Butter,Antioxidant,1,0,Dry,None,Natural plant-derived antioxidant from Lavandula Angustifolia.
Calcium Oxide,Buffering,1,0,Sensitive,Oily,A standard cosmetic buffering used in skincare formulations.
Aloe Barbadensis Flower Extract,Emollient,0,0,All,None,Natural plant-derived emollient from Aloe Barbadensis.
Glycine Soja Root Extract,Soothing,0,0,Sensitive;Aging;Dry,None,Natural plant-derived soothing from Glycine Soja.
Avena Sativa Leaf Extract,Soothing,0,0,Sensitive;Aging;Dry,None,Natural plant-derived soothing from Avena Sativa.
PEG-40 Lactate,Thickener,0,0,Aging,Oily,A standard cosmetic thickener used in skincare formulations.
Lauryl Citrate,Viscosity Controller,0,1,All,None,A standard cosmetic viscosity controller used in skincare formulations.
Propyl Chloride,Humectant,0,1,All,Oily,A standard cosmetic humectant used in skincare formulations.
Stearyl Phosphate,Viscosity Controller,1,0,Aging,Sensitive,A standard cosmetic viscosity controller used in skincare formulations.
Titanium Hydroxide,Exfoliant,0,0,Sensitive,Acne,A standard cosmetic exfoliant used in skincare formulations.
